,Player,Team,Age,Less than 5ft._FGM,Less than 5ft._FGA,Less than 5ft._FG%,5-9 ft._FGM,5-9 ft._FGA,5-9 ft._FG%,10-14 ft._FGM,10-14 ft._FGA,10-14 ft._FG%,15-19 ft._FGM,15-19 ft._FGA,15-19 ft._FG%,20-24 ft._FGM,20-24 ft._FGA,20-24 ft._FG%,25-29 ft._FGM,25-29 ft._FGA,25-29 ft._FG%
0,A.J. Lawson,DAL,22,0.4,0.7,57.1,0.0,0.0,0.0,0.0,0.0,0.0,0.0,0.0,0.0,0.2,1.0,22.2,0.3,0.4,75.0
1,AJ Green,MIL,23,0.1,0.2,75.0,0.0,0.0,0.0,0.0,0.1,33.3,0.2,0.3,66.7,0.3,0.9,33.3,0.8,2.0,42.0
2,AJ Griffin,ATL,19,0.7,1.1,66.1,0.4,0.7,55.3,0.7,1.3,55.1,0.3,0.6,48.5,0.7,1.6,41.7,0.9,2.3,39.2
3,Aaron Gordon,DEN,27,5.0,7.0,70.8,0.3,0.7,41.2,0.1,0.4,31.8,0.2,0.5,36.0,0.3,1.0,34.0,0.7,1.5,45.2
4,Aaron Holiday,ATL,26,0.6,1.1,50.0,0.1,0.4,25.0,0.2,0.5,33.3,0.1,0.2,45.5,0.3,0.6,41.9,0.4,1.0,42.2
5,Aaron Nesmith,IND,23,1.4,2.5,55.1,0.1,0.5,26.9,0.2,0.5,48.0,0.0,0.2,25.0,0.8,2.3,34.2,0.7,1.9,34.4
6,Aaron Wiggins,OKC,24,1.7,2.7,60.7,0.1,0.4,31.6,0.0,0.1,40.0,0.0,0.0,0.0,0.4,1.1,36.2,0.3,0.7,41.4
7,Admiral Schofield,ORL,25,0.9,1.3,70.6,0.1,0.1,66.7,0.0,0.0,0.0,0.0,0.0,0.0,0.4,0.9,40.9,0.3,1.2,28.1
8,Al Horford,BOS,36,1.0,1.5,68.3,0.3,0.7,45.2,0.0,0.3,18.2,0.0,0.1,33.3,1.0,2.3,43.0,1.0,2.5,40.2
9,Alec Burks,DET,31,0.7,1.2,59.6,0.4,1.0,39.5,0.5,1.0,45.7,0.4,1.0,41.9,0.9,2.0,42.7,1.1,2.8,40.3
10,Aleksej Pokusevski,OKC,21,1.8,3.1,58.8,0.2,0.8,23.1,0.1,0.3,30.0,0.1,0.2,42.9,0.4,1.3,31.7,0.8,2.0,40.3
11,Alex Caruso,CHI,28,0.9,1.5,62.0,0.0,0.3,12.5,0.0,0.1,16.7,0.1,0.2,42.9,0.6,1.2,44.8,0.3,1.0,31.1
12,Alex Len,SAC,29,0.2,0.3,75.0,0.0,0.1,0.0,0.2,0.2,100,0.0,0.2,0.0,0.0,0.1,0.0,0.0,0.0,0.0
13,Alize Johnson,SAS,26,0.8,1.0,75.0,0.0,0.0,0.0,0.0,0.0,0.0,0.0,0.0,0.0,0.0,0.3,0.0,0.0,0.0,0.0
14,Alondes Williams,BKN,23,0.0,0.0,0.0,0.0,0.0,0.0,0.0,0.0,0.0,0.0,0.0,0.0,0.0,0.0,0.0,0.0,0.0,0.0
15,Alperen Sengun,HOU,20,4.2,6.5,63.7,1.3,2.6,48.9,0.3,0.5,48.1,0.1,0.2,40.0,0.0,0.2,25.0,0.2,0.5,37.0
16,Amir Coffey,LAC,25,0.7,1.3,55.3,0.2,0.8,26.9,0.2,0.4,40.0,0.1,0.3,33.3,0.2,0.7,26.1,0.1,0.4,30.8
17,Andre Drummond,CHI,29,2.5,3.8,67.3,0.2,0.5,38.1,0.0,0.0,0.0,0.0,0.0,0.0,0.0,0.0,0.0,0.0,0.0,0.0
18,Andre Iguodala,GSW,39,0.7,0.7,100.0,0.0,0.0,0.0,0.0,0.0,0.0,0.0,0.0,0.0,0.0,0.0,0.0,0.3,0.7,50.0
19,Andrew Nembhard,IND,23,1.0,1.4,67.6,0.5,1.0,46.2,0.4,1.1,33.9,0.2,0.6,32.1,0.5,1.4,33.8,0.8,2.2,35.8
20,Andrew Wiggins,GSW,27,2.3,3.4,68.9,0.9,2.2,40.3,0.4,0.9,39.4,0.5,1.1,42.5,0.8,2.3,36.7,1.7,4.2,41.8
21,Anfernee Simons,POR,23,2.2,3.5,63.6,0.5,1.3,40.6,0.7,1.2,56.1,0.6,1.3,45.1,1.0,2.3,41.3,2.6,7.0,36.4
22,Anthony Davis,LAL,29,6.5,9.2,71.3,1.4,2.9,47.8,0.7,1.7,39.6,0.7,1.8,41.1,0.3,0.8,40.0,0.3,1.2,28.2
23,Anthony Edwards,MIN,21,4.5,7.2,61.6,0.6,1.4,39.3,0.3,1.0,33.9,0.6,1.4,41.7,1.2,3.1,38.8,1.7,4.9,35.5
24,Anthony Gill,WAS,30,1.0,1.1,90.5,0.1,0.3,33.3,0.1,0.2,42.9,0.0,0.0,0.0,0.1,0.4,21.4,0.0,0.1,0.0
25,Anthony Lamb,GSW,25,0.9,1.2,79.6,0.2,0.5,52.6,0.0,0.0,0.0,0.1,0.1,100,0.6,1.6,36.4,0.8,1.8,44.7
26,Austin Reaves,LAL,24,1.3,1.7,75.0,0.4,0.8,58.6,0.3,0.8,43.3,0.1,0.3,30.8,0.6,1.4,44.4,0.7,2.0,32.9
27,Austin Rivers,MIN,30,0.8,1.3,63.2,0.2,0.4,50.0,0.0,0.1,33.3,0.0,0.0,0.0,0.9,2.0,43.7,0.0,0.5,9.5
28,Ayo Dosunmu,CHI,23,2.6,3.8,67.2,0.2,0.5,40.7,0.2,0.3,44.4,0.1,0.3,43.8,0.5,1.6,29.4,0.4,1.0,36.4
29,Bam Adebayo,MIA,25,4.3,6.5,66.1,2.0,4.1,47.6,1.8,3.7,48.1,0.5,1.1,44.8,0.0,0.1,28.6,0.0,0.1,14.3
30,Ben Simmons,BKN,26,2.3,3.4,66.2,0.8,1.8,44.4,0.2,0.5,45.0,0.0,0.0,0.0,0.0,0.0,0.0,0.0,0.0,0.0
31,Bennedict Mathurin,IND,20,2.9,5.4,54.2,0.6,1.6,39.8,0.2,0.7,25.6,0.2,0.4,45.0,0.5,1.5,34.1,0.9,2.9,31.9
32,Bismack Biyombo,PHX,30,1.3,1.8,71.6,0.3,0.9,32.5,0.1,0.3,40.0,0.0,0.0,0.0,0.0,0.0,0.0,0.0,0.0,0.0
33,Blake Griffin,BOS,33,0.8,1.2,65.5,0.1,0.2,60.0,0.0,0.0,0.0,0.0,0.0,0.0,0.3,1.0,34.8,0.3,0.6,46.7
34,Blake Wesley,SAS,19,0.8,1.6,52.6,0.0,0.3,0.0,0.2,0.3,50.0,0.0,0.6,0.0,0.5,0.9,60.0,0.3,0.6,42.9
35,Boban Marjanovic,HOU,34,0.5,0.6,80.0,0.4,0.8,58.3,0.1,0.2,66.7,0.1,0.1,100,0.0,0.0,0.0,0.0,0.1,0.0
36,Bobby Portis,MIL,28,2.4,3.7,64.0,0.9,1.7,54.3,0.8,1.7,47.4,0.6,1.1,51.0,0.4,1.6,25.3,0.9,2.2,42.2
37,Bogdan Bogdanovic,ATL,30,1.1,1.8,60.0,0.4,0.7,52.4,0.8,1.6,48.0,0.4,0.9,44.4,1.2,3.3,36.9,1.6,4.5,35.5
38,Bojan Bogdanovic,DET,33,2.1,3.3,65.0,0.9,2.0,43.9,1.1,2.0,56.4,0.5,1.4,37.7,1.0,2.4,39.4,1.5,3.6,42.3
39,Bol Bol,ORL,23,2.8,3.5,81.0,0.5,1.2,41.9,0.4,0.7,51.4,0.2,0.5,37.5,0.2,0.7,27.8,0.4,1.0,34.0
40,Bones Hyland,LAC,22,1.2,2.3,52.6,0.4,1.1,33.3,0.2,0.8,28.1,0.1,0.4,29.4,0.6,1.2,46.2,1.5,4.1,36.8
41,Bradley Beal,WAS,29,3.4,5.0,68.3,0.8,2.0,42.2,0.9,1.8,48.3,1.5,2.7,57.6,0.5,1.6,34.0,1.2,3.2,36.3
42,Brandon Boston Jr.,LAC,21,1.2,2.1,56.1,0.1,0.8,14.3,0.4,0.9,41.2,0.3,0.9,35.7,0.2,0.8,28.6,0.5,1.1,47.6
43,Brandon Clarke,MEM,26,2.9,3.8,76.9,0.8,1.4,54.3,0.4,0.9,47.6,0.1,0.2,66.7,0.0,0.1,14.3,0.0,0.0,0.0
44,Brandon Ingram,NOP,25,2.1,3.4,62.7,0.5,1.6,34.3,2.0,4.1,48.4,1.3,3.2,41.4,0.6,1.3,46.4,1.1,3.2,35.7
45,Braxton Key,DET,25,0.0,0.0,0.0,0.0,0.0,0.0,0.3,0.3,100,-,-,-,0.0,0.0,0.0,0.0,0.0,0.0
46,Brook Lopez,MIL,34,2.4,3.5,70.2,0.5,1.0,52.8,0.5,1.0,50.0,0.2,0.5,42.9,0.5,1.3,36.5,1.3,3.5,36.6
47,Bruce Brown,DEN,26,2.2,3.5,63.9,0.4,1.0,44.4,0.2,0.7,35.1,0.1,0.3,42.9,0.6,1.9,32.0,0.7,1.6,45.6
48,Bruno Fernando,ATL,24,1.4,2.2,61.8,0.2,0.7,23.8,0.0,0.0,0.0,0.0,0.1,50.0,0.0,0.0,0.0,0.0,0.0,0.0
49,Bryce McGowens,CHA,20,0.8,1.5,51.5,0.3,0.7,38.5,0.0,0.2,0.0,0.0,0.1,0.0,0.3,0.7,42.9,0.2,0.7,23.1
50,Bryn Forbes,MIN,29,0.1,0.3,42.9,0.2,0.5,46.2,0.0,0.2,20.0,0.3,0.5,50.0,0.4,0.9,43.5,0.2,1.0,20.8
51,Buddy Boeheim,DET,23,0.0,0.0,0.0,-,-,-,-,-,-,-,-,-,0.0,0.0,0.0,0.0,0.0,0.0
52,Buddy Hield,IND,30,1.6,2.7,59.0,0.1,0.5,27.6,0.2,0.5,35.7,0.3,0.6,47.2,1.4,2.8,47.8,2.6,6.4,40.3
53,CJ McCollum,NOP,31,1.9,3.5,55.0,0.9,2.2,40.7,1.1,2.1,51.4,0.9,2.3,37.0,0.9,2.4,38.0,2.2,5.6,39.4
54,Cade Cunningham,DET,21,2.5,4.7,53.6,1.2,2.9,40.0,1.0,2.4,41.4,1.4,3.1,45.9,0.7,1.6,42.1,1.0,3.8,26.7
55,Caleb Houstan,ORL,20,0.4,0.8,44.0,0.0,0.0,100,0.0,0.0,0.0,0.1,0.1,66.7,0.6,1.2,51.4,0.4,1.4,28.9
56,Caleb Martin,MIA,27,1.6,2.6,60.8,0.2,0.6,30.8,0.2,0.4,47.4,0.2,0.5,45.5,0.8,2.4,33.9,0.8,2.0,41.1
57,Cam Reddish,POR,23,1.9,2.8,66.1,0.2,0.7,28.6,0.1,0.3,33.3,0.0,0.0,0.0,0.5,1.6,33.3,0.4,1.4,30.0
58,Cam Thomas,BKN,21,0.9,1.5,64.3,0.7,1.6,44.8,0.5,1.5,34.6,0.4,0.9,45.5,0.4,0.7,56.0,0.6,1.8,35.5
59,Cameron Johnson,BKN,26,1.5,2.3,66.7,0.2,0.5,33.3,0.2,0.5,33.3,0.1,0.8,14.3,1.5,2.8,54.2,1.3,3.2,40.7
60,Cameron Payne,PHX,28,1.1,2.2,51.6,0.7,1.9,37.0,0.6,1.3,47.2,0.4,0.9,40.0,0.4,1.1,37.5,1.3,3.5,36.7
61,Caris LeVert,CLE,28,1.8,3.2,57.8,0.5,1.5,35.0,0.3,1.3,25.8,0.1,0.3,29.4,0.6,1.5,42.3,1.0,2.9,33.6
62,Carlik Jones,CHI,25,1.0,1.0,100.0,-,-,-,0.0,0.0,0.0,-,-,-,-,-,-,0.0,0.0,0.0
63,Cedi Osman,CLE,27,1.6,2.3,70.2,0.1,0.6,25.0,0.1,0.2,60.0,0.0,0.1,0.0,0.6,1.5,37.3,0.8,2.4,34.3
64,Charles Bassey,SAS,22,1.7,2.2,76.0,0.2,0.3,71.4,0.0,0.2,20.0,0.0,0.0,100,0.0,0.1,0.0,0.1,0.2,40.0
65,Chima Moneke,SAC,27,0.5,1.0,50.0,0.0,0.0,0.0,0.0,0.0,0.0,0.0,0.0,0.0,0.0,0.0,0.0,0.0,0.0,0.0
66,Chimezie Metu,SAC,25,1.7,2.3,75.8,0.2,0.4,50.0,0.0,0.1,20.0,0.0,0.0,100,0.0,0.2,20.0,0.1,0.5,27.3
67,Chris Boucher,TOR,30,2.2,3.5,62.8,0.2,0.6,36.4,0.1,0.2,41.7,0.1,0.2,33.3,0.6,1.5,40.5,0.3,1.2,27.1
68,Chris Duarte,IND,25,0.8,1.7,49.1,0.2,0.3,80.0,0.2,0.6,27.3,0.1,0.5,22.2,0.6,1.7,32.8,0.6,2.2,25.3
69,Chris Paul,PHX,37,0.2,0.6,42.9,0.5,1.1,45.2,1.3,2.7,47.5,1.1,2.3,46.4,0.4,1.0,36.1,1.3,3.3,39.3
70,Chris Silva,DAL,26,0.0,0.0,0.0,1.0,1.0,100,0.0,0.0,0.0,0.0,0.0,0.0,0.0,0.0,0.0,0.0,0.0,0.0
71,Christian Braun,DEN,21,1.1,1.7,64.7,0.1,0.4,26.3,0.1,0.2,37.5,0.0,0.1,0.0,0.2,0.7,34.4,0.2,0.6,40.7
72,Christian Koloko,TOR,22,1.2,2.2,56.1,0.1,0.3,25.0,0.0,0.1,40.0,0.0,0.0,0.0,0.0,0.1,20.0,0.0,0.1,0.0
73,Christian Wood,DAL,27,3.4,4.9,69.4,0.8,1.4,56.5,0.2,0.6,40.7,0.3,0.6,41.4,0.5,1.6,33.8,1.2,3.0,40.9
74,Chuma Okeke,ORL,24,0.7,1.2,61.9,0.0,0.1,0.0,0.1,0.2,25.0,0.0,0.0,0.0,0.4,1.3,34.8,0.6,2.1,26.3
75,Clint Capela,ATL,28,4.9,7.4,65.5,0.5,1.0,47.5,0.0,0.1,0.0,0.0,0.0,100,0.0,0.0,0.0,0.0,0.0,0.0
76,Coby White,CHI,22,1.0,1.6,61.8,0.1,0.4,31.6,0.2,0.3,50.0,0.1,0.3,28.6,0.6,1.7,37.2,1.0,2.9,33.8
77,Cody Martin,CHA,27,1.3,2.3,57.1,0.2,0.3,50.0,0.1,0.4,33.3,0.2,0.5,33.3,0.4,1.0,42.9,0.0,1.0,0.0
78,Cole Anthony,ORL,22,1.4,2.4,56.5,0.8,1.5,51.8,0.5,1.0,50.0,0.4,1.0,38.5,0.4,0.9,48.5,0.8,2.7,29.4
79,Cole Swider,LAL,23,0.0,0.0,0.0,0.0,0.0,0.0,0.0,0.3,0.0,0.0,0.0,0.0,0.3,0.3,100,0.2,1.0,16.7
80,Collin Sexton,UTA,24,2.3,4.0,57.7,0.9,1.9,48.8,0.5,0.9,52.6,0.1,0.3,46.2,0.5,1.1,44.0,0.6,1.5,41.2
81,Corey Kispert,WAS,23,1.2,1.7,72.2,0.2,0.5,30.4,0.0,0.2,28.6,0.0,0.1,0.0,0.7,1.5,47.8,1.1,2.9,38.3
82,Cory Joseph,DET,31,0.5,0.8,60.0,0.2,0.6,33.3,0.2,0.4,56.3,0.1,0.5,27.8,0.2,0.6,26.1,0.4,1.3,34.7
83,D'Angelo Russell,LAL,26,1.5,2.3,66.4,0.5,1.0,48.2,0.7,1.5,45.1,0.8,1.5,54.2,1.0,2.6,37.7,1.8,4.5,39.1
84,Daishen Nix,HOU,20,0.4,0.8,51.5,0.1,0.4,20.0,0.0,0.0,0.0,0.0,0.0,0.0,0.2,0.6,36.0,0.5,1.7,30.4
85,Dalano Banton,TOR,23,1.1,1.5,73.0,0.0,0.4,11.1,0.1,0.3,28.6,0.0,0.2,20.0,0.1,0.7,18.8,0.4,1.1,36.0
86,Dalen Terry,CHI,20,0.3,0.6,50.0,0.0,0.2,0.0,0.0,0.0,0.0,0.0,0.0,0.0,0.1,0.2,66.7,0.0,0.2,0.0
87,Damian Jones,UTA,27,1.2,2.0,59.4,0.0,0.0,0.0,0.0,0.1,0.0,0.1,0.1,100,0.0,0.0,0.0,0.0,0.1,0.0
88,Damian Lillard,POR,32,3.6,5.8,63.2,0.5,1.0,48.9,0.5,0.9,52.5,0.5,0.9,55.3,0.7,1.8,39.5,2.9,7.5,38.0
89,Damion Lee,PHX,30,0.5,1.0,49.2,0.2,0.6,38.9,0.3,0.7,47.4,0.1,0.4,36.4,1.0,2.1,46.7,0.7,1.8,39.8
90,Daniel Gafford,WAS,24,2.9,3.7,78.6,0.4,0.8,53.7,0.0,0.0,100,0.0,0.1,40.0,0.0,0.0,0.0,0.0,0.0,0.0
91,Daniel Theis,IND,30,1.6,2.2,72.7,0.4,0.8,50.0,0.4,0.6,66.7,0.0,0.2,0.0,0.0,0.2,0.0,0.2,0.8,25.0
92,Danny Green,HOU,35,0.0,0.0,0.0,0.0,0.3,0.0,0.0,0.3,0.0,0.0,0.3,0.0,0.3,1.7,20.0,0.7,1.0,66.7
93,Danuel House Jr.,PHI,29,0.7,0.9,75.8,0.1,0.2,57.1,0.0,0.0,100,0.0,0.1,50.0,0.3,1.1,30.0,0.3,0.9,33.3
94,Dario Saric,OKC,28,1.0,1.5,64.3,0.2,0.8,26.7,0.1,0.4,33.3,0.0,0.2,12.5,0.3,0.9,31.3,0.5,1.1,42.5
95,Darius Bazley,PHX,22,1.3,2.6,49.5,0.1,0.2,33.3,0.1,0.3,55.6,0.0,0.2,0.0,0.3,0.6,52.6,0.2,0.7,30.8
96,Darius Days,HOU,23,1.0,1.0,100.0,-,-,-,0.0,0.0,0.0,0.0,0.0,0.0,0.0,0.0,0.0,0.0,0.0,0.0
97,Darius Garland,CLE,23,1.8,3.5,51.8,1.3,2.7,47.3,0.9,1.8,51.8,0.7,1.6,41.6,0.8,1.6,47.4,1.9,4.5,40.8
98,David Duke Jr.,BKN,23,1.4,2.6,53.8,0.0,0.0,0.0,0.0,0.1,0.0,0.0,0.0,0.0,0.0,0.4,0.0,0.0,0.1,0.0
99,David Roddy,MEM,21,1.2,2.0,60.6,0.2,0.6,37.0,0.1,0.2,55.6,0.0,0.0,0.0,0.5,1.7,29.5,0.3,1.2,29.1
100,Davion Mitchell,SAC,24,1.1,1.6,65.2,0.1,0.3,53.3,0.1,0.2,50.0,0.2,0.5,33.3,0.3,1.0,29.1,0.5,1.4,36.8
101,Davis Bertans,DAL,30,0.2,0.3,63.6,0.0,0.0,100,0.0,0.0,100,0.0,0.0,100,0.6,1.1,51.4,0.5,1.7,32.7
102,Davon Reed,LAL,27,0.1,0.2,37.5,0.0,0.3,10.0,0.0,0.3,12.5,0.1,0.2,57.1,0.2,0.6,33.3,0.3,0.8,34.6
103,Day'Ron Sharpe,BKN,21,1.4,2.5,57.5,0.1,0.5,14.3,0.0,0.0,0.0,0.0,0.0,0.0,0.1,0.1,66.7,0.1,0.1,66.7
104,De'Aaron Fox,SAC,25,3.1,4.1,73.9,1.8,3.3,55.8,1.6,3.2,49.1,0.9,2.1,44.8,0.8,2.2,35.1,0.9,3.0,30.9
105,De'Andre Hunter,ATL,25,1.4,2.5,58.4,0.6,1.4,41.5,1.0,2.1,48.4,0.8,1.5,50.7,1.0,2.7,36.8,0.7,2.1,35.8
106,De'Anthony Melton,PHI,24,1.2,2.3,51.7,0.2,0.6,34.4,0.1,0.3,37.5,0.1,0.3,50.0,0.7,2.1,36.2,1.5,3.6,42.9
107,DeAndre Jordan,DEN,34,2.1,2.6,79.3,0.0,0.1,0.0,0.0,0.0,0.0,0.0,0.0,0.0,0.0,0.0,0.0,0.0,0.0,100
108,DeMar DeRozan,CHI,33,2.7,4.0,67.8,0.8,1.7,50.6,1.9,3.7,50.8,2.6,5.6,46.5,0.9,2.3,38.3,0.3,0.9,35.6
109,Dean Wade,CLE,26,0.8,1.0,72.4,0.0,0.0,0.0,0.0,0.2,20.0,0.0,0.1,0.0,0.7,1.6,43.2,0.6,1.6,38.6
110,Deandre Ayton,PHX,24,4.5,5.8,77.5,1.7,3.5,48.6,1.0,2.2,42.7,0.7,1.6,45.5,0.0,0.1,16.7,0.1,0.4,35.0
111,Dejounte Murray,ATL,26,2.0,3.2,63.4,1.0,2.2,44.7,1.5,3.4,45.6,1.7,3.4,49.7,1.0,2.4,39.8,1.2,3.6,34.4
112,Delon Wright,WAS,30,0.9,1.4,67.6,0.2,0.7,33.3,0.2,0.5,33.3,0.1,0.2,60.0,0.2,0.8,28.6,0.4,1.5,29.7
113,Deni Avdija,WAS,22,2.0,3.2,61.4,0.3,0.8,34.1,0.1,0.3,18.8,0.0,0.1,0.0,0.3,0.9,29.8,0.7,2.2,30.4
114,Dennis Schroder,LAL,29,1.3,2.7,46.5,0.4,0.9,43.6,0.6,1.2,51.9,0.5,1.1,43.8,0.5,1.4,35.6,0.7,2.2,32.3
115,Dennis Smith Jr.,CHA,25,2.1,3.5,60.2,0.3,1.1,28.9,0.3,0.7,41.7,0.2,0.7,26.1,0.2,0.8,25.0,0.2,1.1,20.5
116,Deonte Burton,SAC,29,0.0,0.0,0.0,0.0,1.0,0.0,0.0,0.0,0.0,0.0,0.0,0.0,0.0,0.5,0.0,0.0,0.0,0.0
117,Dereon Seabron,NOP,22,0.5,0.8,66.7,0.0,0.5,0.0,0.0,0.0,0.0,0.0,0.0,0.0,0.0,0.0,0.0,0.0,0.0,0.0
118,Derrick Jones Jr.,CHI,25,1.5,2.4,63.5,0.0,0.2,22.2,0.0,0.0,50.0,0.0,0.0,0.0,0.3,0.9,35.0,0.1,0.3,28.6
119,Derrick Rose,NYK,34,0.8,1.7,50.0,0.4,1.0,38.5,0.3,0.5,58.3,0.1,0.4,27.3,0.3,1.0,34.6,0.4,1.4,27.8
120,Derrick White,BOS,28,1.2,2.0,58.9,0.6,1.1,50.0,0.3,0.6,51.4,0.1,0.2,33.3,0.8,1.8,41.2,1.0,2.6,37.7
121,Desmond Bane,MEM,24,2.7,4.7,57.8,0.8,2.4,34.2,0.5,1.1,45.7,0.3,0.7,50.0,1.3,2.3,54.5,1.8,4.7,38.7
122,Devin Booker,PHX,26,2.7,4.3,62.9,1.2,2.5,48.1,1.5,3.2,48.5,1.5,3.0,47.9,1.2,2.7,45.8,1.4,4.4,31.6
123,Devin Vassell,SAS,22,1.6,2.8,56.1,0.2,0.9,28.0,0.8,2.2,38.1,1.4,2.8,51.9,1.1,2.4,46.4,1.8,4.6,39.6
124,Devon Dotson,WAS,23,0.0,0.0,0.0,0.0,0.6,0.0,0.0,0.2,0.0,0.0,0.4,0.0,0.0,0.5,0.0,0.2,0.2,100
125,Devonte' Graham,SAS,27,0.2,0.4,42.9,0.1,0.2,44.4,0.1,0.1,50.0,0.1,0.1,71.4,0.3,0.9,34.0,1.0,2.9,35.5
126,Dewayne Dedmon,MIA,33,1.1,1.9,59.6,0.5,0.8,58.3,0.1,0.3,44.4,0.0,0.0,100,0.1,0.4,36.4,0.2,0.9,25.9
127,Dillon Brooks,MEM,27,1.8,3.3,53.6,0.8,2.1,37.9,0.8,1.7,47.7,0.3,1.1,31.5,0.7,2.2,30.6,1.2,4.0,31.3
128,Domantas Sabonis,SAC,26,5.3,7.6,69.4,0.6,1.3,45.1,0.2,0.4,47.8,0.4,0.7,48.7,0.2,0.5,44.8,0.3,0.8,35.6
129,Dominick Barlow,SAS,19,0.7,1.3,55.6,0.1,0.1,100,0.2,0.2,100,0.0,0.0,0.0,0.0,0.5,0.0,0.0,0.1,0.0
130,Donovan Mitchell,CLE,26,3.1,4.7,66.1,1.0,1.8,52.3,0.7,1.3,50.8,0.7,1.7,42.5,0.8,2.3,34.5,3.0,7.4,40.2
131,Donte DiVincenzo,GSW,26,0.8,1.4,54.7,0.1,0.5,23.8,0.1,0.2,44.4,0.1,0.1,60.0,0.6,1.5,41.8,1.4,3.3,42.2
132,Dorian Finney-Smith,BKN,29,1.3,2.0,64.2,0.1,0.3,27.3,0.0,0.1,0.0,0.0,0.0,50.0,1.1,3.1,37.3,0.7,2.3,32.3
133,Doug McDermott,SAS,31,1.2,1.9,61.1,0.4,0.9,45.5,0.2,0.4,42.9,0.0,0.2,9.1,0.6,1.4,43.1,1.2,3.1,40.5
134,Draymond Green,GSW,32,1.9,2.8,67.2,0.6,1.2,46.6,0.1,0.2,36.4,0.0,0.0,50.0,0.3,0.9,35.7,0.3,1.1,29.6
135,Drew Eubanks,POR,26,1.9,2.4,80.3,0.4,0.8,51.2,0.1,0.2,41.7,0.1,0.1,50.0,0.1,0.1,60.0,0.0,0.0,50.0
136,Dru Smith,BKN,25,0.5,0.7,75.0,0.1,0.4,33.3,0.3,0.5,66.7,0.0,0.0,0.0,0.1,0.6,25.0,0.1,0.9,16.7
137,Duane Washington Jr.,PHX,22,0.7,1.7,39.2,0.4,1.0,36.7,0.4,1.0,37.9,0.3,0.9,32.0,0.6,1.6,40.0,0.8,2.3,35.2
138,Duncan Robinson,MIA,28,0.4,0.5,71.4,0.1,0.4,36.4,0.1,0.1,50.0,0.1,0.2,40.0,0.5,1.6,31.8,1.1,3.4,32.6
139,Dwight Powell,DAL,31,2.5,3.4,74.3,0.1,0.1,60.0,0.0,0.0,0.0,0.0,0.0,0.0,0.0,0.0,0.0,0.0,0.0,0.0
140,Dyson Daniels,NOP,19,1.0,1.7,60.9,0.2,0.6,36.4,0.1,0.2,28.6,0.0,0.0,0.0,0.3,0.7,44.4,0.2,0.8,25.0
141,Edmond Sumner,BKN,27,1.5,2.6,57.6,0.1,0.5,26.1,0.1,0.3,25.0,0.1,0.2,62.5,0.5,1.2,37.0,0.2,0.7,36.7
142,Eric Gordon,LAC,34,2.0,3.2,63.1,0.5,1.3,40.0,0.1,0.4,30.0,0.0,0.1,33.3,0.3,0.6,40.0,1.4,4.1,33.8
143,Eugene Omoruyi,OKC,25,1.6,2.6,61.4,0.0,0.1,0.0,0.0,0.0,0.0,0.0,0.0,0.0,0.3,1.0,28.6,0.1,0.5,20.0
144,Evan Fournier,NYK,30,0.3,0.8,41.2,0.2,0.4,55.6,0.2,0.7,33.3,0.1,0.3,42.9,0.8,2.0,40.9,0.7,2.6,26.3
145,Evan Mobley,CLE,21,4.4,5.7,76.6,1.1,2.8,38.9,0.5,1.4,39.5,0.2,0.5,39.3,0.1,0.6,15.6,0.1,0.6,22.9
146,Facundo Campazzo,DAL,31,0.0,0.3,0.0,0.0,0.0,0.0,0.0,0.0,0.0,0.0,0.0,0.0,0.3,0.6,50.0,0.2,1.4,14.3
147,Frank Kaminsky,HOU,29,0.3,0.5,66.7,0.2,0.3,66.7,0.1,0.1,50.0,0.0,0.0,0.0,0.2,0.3,62.5,0.3,0.7,43.8
148,Frank Ntilikina,DAL,24,0.3,0.7,50.0,0.0,0.2,20.0,0.1,0.2,40.0,0.2,0.2,83.3,0.2,0.8,19.2,0.2,0.7,30.4
149,Franz Wagner,ORL,21,4.0,6.2,64.2,0.8,2.4,33.1,0.4,0.9,41.7,0.2,0.3,50.0,0.5,1.3,41.7,1.1,3.2,35.8
150,Fred VanVleet,TOR,28,1.8,3.3,53.5,0.4,1.1,35.3,0.4,1.2,33.9,0.7,1.7,43.2,0.8,2.0,38.8,2.2,6.3,35.3
151,Furkan Korkmaz,PHI,25,0.6,1.0,60.0,0.0,0.4,11.1,0.1,0.2,66.7,0.1,0.2,33.3,0.3,0.7,42.9,0.3,0.9,30.4
152,Gabe Vincent,MIA,26,0.6,1.2,54.0,0.3,0.8,42.4,0.3,0.5,54.5,0.3,0.7,51.9,0.7,1.9,35.8,1.0,3.2,31.1
153,Garrett Temple,NOP,36,0.3,0.6,60.0,0.0,0.0,0.0,0.0,0.2,0.0,0.0,0.0,0.0,0.2,0.6,36.4,0.3,0.6,45.5
154,Garrison Mathews,ATL,26,0.1,0.2,54.5,0.0,0.0,0.0,0.0,0.0,0.0,0.0,0.0,0.0,0.4,1.1,40.0,0.7,2.3,32.0
155,Gary Harris,ORL,28,1.0,1.7,62.2,0.1,0.3,42.9,0.0,0.1,0.0,0.1,0.2,33.3,1.1,2.1,51.8,0.8,1.9,40.4
156,Gary Payton II,GSW,30,1.0,1.5,68.2,0.0,0.1,0.0,0.0,0.1,0.0,0.0,0.0,0.0,0.5,0.9,50.0,0.1,0.2,66.7
157,Gary Trent Jr.,TOR,24,1.7,2.5,66.9,0.6,1.3,50.8,0.7,1.4,47.1,0.7,1.8,40.9,1.0,2.8,34.3,1.8,4.9,36.8
158,George Hill,IND,36,0.6,0.9,68.8,0.1,0.3,22.2,0.1,0.1,60.0,0.2,0.3,88.9,0.4,1.0,34.3,0.3,1.1,31.6
159,Georges Niang,PHI,29,0.7,1.1,64.9,0.1,0.3,38.9,0.1,0.2,37.5,0.0,0.0,50.0,0.7,1.6,41.5,1.6,3.8,41.4
160,Giannis Antetokounmpo,MIL,28,9.1,12.8,71.1,0.3,1.6,19.2,0.4,1.3,26.7,0.9,2.4,38.9,0.1,0.4,25.0,0.8,2.7,27.6
161,Goga Bitadze,IND,23,1.0,1.5,65.6,0.1,0.1,66.7,0.0,0.1,0.0,0.0,0.1,0.0,0.0,0.1,0.0,0.2,0.7,30.8
162,Goran Dragic,CHI,36,0.8,1.4,56.3,0.2,0.5,40.0,0.3,1.0,35.4,0.3,0.5,56.0,0.4,1.1,34.6,0.6,1.5,37.8
163,Gordon Hayward,CHA,32,1.6,2.3,70.0,0.6,1.4,44.2,0.7,1.7,41.5,0.8,1.9,44.8,0.5,1.2,44.7,0.6,2.5,24.7
164,Gorgui Dieng,SAS,33,0.4,0.6,80.0,0.0,0.1,0.0,0.1,0.3,40.0,0.1,0.1,100,0.2,0.5,37.5,0.5,1.8,26.7
165,Grant Williams,BOS,24,0.8,1.3,62.2,0.4,0.8,52.3,0.1,0.3,36.8,0.0,0.1,25.0,0.9,1.9,46.7,0.6,1.7,37.2
166,Grayson Allen,MIL,27,1.1,1.9,57.4,0.1,0.4,26.3,0.2,0.4,50.0,0.0,0.0,0.0,0.6,1.3,42.0,1.3,3.3,39.8
167,Greg Brown III,POR,21,0.7,1.2,55.6,0.0,0.1,0.0,0.0,0.0,0.0,0.0,0.1,0.0,0.1,0.4,20.0,0.0,0.2,0.0
168,Hamidou Diallo,DET,24,2.5,3.5,72.2,0.3,0.9,34.9,0.3,0.6,44.8,0.2,0.4,38.1,0.1,0.3,35.7,0.0,0.1,20.0
169,Harrison Barnes,SAC,30,2.1,3.3,64.1,0.5,1.3,38.0,0.2,0.4,45.0,0.1,0.1,57.1,0.9,2.1,40.5,0.8,2.3,35.4
170,Haywood Highsmith,MIA,26,0.8,1.3,64.7,0.1,0.4,20.0,0.1,0.3,36.4,0.0,0.1,33.3,0.5,1.5,36.2,0.4,1.0,35.1
171,Herbert Jones,NOP,24,2.4,3.9,61.4,0.2,0.8,24.2,0.0,0.2,28.6,0.0,0.0,0.0,0.5,2.0,25.9,0.3,1.0,30.8
172,Immanuel Quickley,NYK,23,1.2,1.8,63.1,0.8,1.6,50.6,0.5,1.2,44.8,0.2,0.4,39.1,0.6,2.3,28.1,1.1,2.8,39.2
173,Isaac Okoro,CLE,22,1.4,2.0,68.1,0.1,0.4,36.4,0.0,0.0,50.0,0.0,0.0,0.0,0.7,1.9,37.3,0.1,0.2,21.4
174,Isaiah Hartenstein,NYK,24,1.5,2.5,59.3,0.3,0.6,54.5,0.2,0.6,43.8,0.0,0.0,0.0,0.1,0.5,30.8,0.0,0.2,0.0
175,Isaiah Jackson,IND,21,2.3,3.6,65.3,0.1,0.5,22.7,0.0,0.2,14.3,0.1,0.2,85.7,0.0,0.1,20.0,0.0,0.2,14.3
176,Isaiah Joe,OKC,23,0.3,0.4,73.7,0.0,0.1,0.0,0.1,0.1,50.0,0.2,0.3,53.8,0.7,1.4,52.3,1.4,3.4,42.6
177,Isaiah Livers,DET,24,0.3,0.5,75.0,0.0,0.1,50.0,0.1,0.2,42.9,0.1,0.3,33.3,0.7,1.8,38.1,0.6,1.7,37.9
178,Isaiah Mobley,CLE,23,0.1,0.3,50.0,0.4,0.6,66.7,0.0,0.0,0.0,0.0,0.1,0.0,0.2,0.2,100,0.0,0.1,0.0
179,Isaiah Roby,SAS,25,0.8,1.3,61.5,0.3,0.8,42.9,0.0,0.1,33.3,0.1,0.2,33.3,0.2,0.5,36.8,0.3,1.0,27.5
180,Isaiah Stewart,DET,21,2.1,3.9,54.4,0.4,0.8,50.0,0.0,0.1,66.7,0.1,0.1,100,0.6,1.8,33.3,0.6,2.3,27.9
181,Isaiah Todd,WAS,21,0.0,0.0,0.0,0.3,0.3,100,0.0,0.0,0.0,0.0,0.0,0.0,0.0,0.5,0.0,0.0,0.3,0.0
182,Ish Smith,DEN,34,0.5,0.8,57.1,0.0,0.1,50.0,0.2,0.9,23.5,0.6,1.3,48.5,0.1,0.2,50.0,0.0,0.1,0.0
183,Ish Wainright,PHX,28,0.5,0.9,55.9,0.1,0.2,33.3,0.0,0.0,0.0,0.0,0.0,0.0,0.6,1.7,36.8,0.4,1.1,34.1
184,Ivica Zubac,LAC,25,3.3,5.0,65.3,0.6,1.2,52.2,0.1,0.1,37.5,0.0,0.0,50.0,0.0,0.0,0.0,0.0,0.0,0.0
185,JD Davison,BOS,20,0.2,0.2,100.0,0.0,0.0,0.0,0.0,1.0,0.0,0.0,0.0,0.0,0.0,0.0,0.0,0.0,0.5,0.0
186,JT Thor,CHA,20,0.4,0.7,54.8,0.2,0.3,75.0,0.1,0.3,20.0,0.0,0.0,0.0,0.3,0.8,34.3,0.0,0.5,8.3
187,Ja Morant,MEM,23,5.1,8.4,60.5,1.3,3.5,37.0,1.3,2.8,46.5,0.2,0.7,33.3,0.6,1.3,44.8,1.2,3.7,32.1
188,JaMychal Green,GSW,32,1.7,2.4,70.6,0.1,0.2,57.1,0.1,0.1,50.0,0.0,0.1,0.0,0.3,0.9,28.1,0.3,0.9,36.4
189,JaVale McGee,DAL,35,1.4,2.0,69.2,0.4,0.8,45.8,0.1,0.1,50.0,0.0,0.0,0.0,0.0,0.1,0.0,0.0,0.1,50.0
190,Jabari Smith Jr.,HOU,19,1.4,2.1,64.9,0.4,1.1,37.9,0.4,0.9,42.6,0.4,1.2,37.7,0.7,1.7,38.9,1.0,3.9,25.6
191,Jabari Walker,POR,20,0.8,1.4,54.0,0.1,0.2,60.0,0.0,0.1,0.0,0.0,0.1,33.3,0.1,0.3,20.0,0.1,0.3,27.3
192,Jack White,DEN,25,0.4,0.6,57.1,0.0,0.1,0.0,0.0,0.0,0.0,0.0,0.0,0.0,0.1,0.4,25.0,0.0,0.1,0.0
193,Jaden Hardy,DAL,20,1.3,2.4,54.7,0.1,0.2,60.0,0.1,0.2,40.0,0.0,0.3,14.3,0.5,1.2,37.5,0.4,1.4,32.4
194,Jaden Ivey,DET,20,2.6,4.8,53.3,0.4,1.3,30.4,0.2,0.8,31.7,0.5,1.1,42.4,0.4,1.0,35.2,1.1,3.0,34.8
195,Jaden McDaniels,MIN,22,2.3,3.4,68.8,0.4,1.0,37.9,0.3,0.7,46.2,0.2,0.3,50.0,0.9,2.3,40.3,0.3,0.9,31.3
196,Jaden Springer,PHI,20,0.8,1.2,71.4,0.1,0.1,100,0.3,0.5,50.0,0.0,0.2,0.0,0.0,0.2,0.0,0.0,0.0,0.0
197,Jae'Sean Tate,HOU,27,2.2,4.4,48.8,0.4,0.9,43.8,0.1,0.2,25.0,0.1,0.1,100,0.3,0.8,33.3,0.1,0.5,22.2
198,Jake LaRavia,MEM,21,0.3,0.6,50.0,0.1,0.2,60.0,0.0,0.0,100,0.0,0.0,0.0,0.3,0.8,41.7,0.4,1.2,29.7
199,Jakob Poeltl,TOR,27,3.6,4.9,74.2,1.0,2.1,45.0,0.5,1.2,45.5,0.0,0.1,20.0,0.0,0.0,0.0,0.0,0.0,0.0
200,Jalen Brunson,NYK,26,2.3,4.2,54.1,2.2,4.4,50.2,1.2,2.6,46.0,0.8,1.6,48.8,0.9,1.9,49.0,1.0,2.7,35.2
201,Jalen Duren,DET,19,3.3,4.7,71.2,0.3,0.7,36.1,0.1,0.2,77.8,0.0,0.0,0.0,0.0,0.0,0.0,0.0,0.0,0.0
202,Jalen Green,HOU,21,3.0,5.4,54.6,0.6,1.6,37.0,0.4,1.1,40.0,0.8,1.8,43.8,0.5,1.8,27.7,2.1,6.0,34.8
203,Jalen Johnson,ATL,21,1.4,2.1,65.7,0.2,0.5,38.5,0.0,0.1,66.7,0.1,0.2,27.3,0.2,0.8,23.1,0.3,0.7,36.1
204,Jalen McDaniels,PHI,25,2.1,3.4,60.9,0.4,1.0,38.6,0.2,0.5,40.0,0.1,0.2,38.5,0.5,1.5,33.7,0.6,2.0,31.6
205,Jalen Smith,IND,22,2.1,3.0,70.9,0.3,0.8,43.6,0.1,0.2,27.3,0.0,0.2,18.2,0.4,1.5,29.7,0.4,1.7,26.2
206,Jalen Suggs,ORL,21,1.3,2.3,55.6,0.2,0.4,38.5,0.3,0.6,40.0,0.3,0.5,58.8,0.3,0.9,37.0,0.8,2.8,29.5
207,Jalen Williams,OKC,21,3.0,4.5,67.5,0.5,1.1,41.4,0.3,0.6,43.8,0.2,0.5,34.8,0.4,1.0,37.7,0.5,1.8,27.8
208,Jamal Cain,MIA,23,1.4,2.1,66.7,0.4,0.6,57.1,0.1,0.3,33.3,0.0,0.0,0.0,0.2,0.8,20.0,0.0,0.1,0.0
209,Jamal Murray,DEN,25,2.4,3.8,61.6,0.5,1.5,34.8,0.8,1.6,47.9,1.1,2.4,45.9,0.9,2.1,43.8,1.6,4.3,37.8
210,Jamaree Bouyea,MIA,23,1.0,2.0,50.0,0.0,0.0,0.0,0.0,0.0,0.0,0.0,0.0,0.0,0.0,0.0,0.0,0.0,1.0,0.0
211,James Bouknight,CHA,22,0.7,1.2,56.3,0.1,0.5,15.4,0.1,0.4,33.3,0.0,0.1,33.3,0.1,0.7,11.8,0.5,1.8,28.9
212,James Harden,PHI,33,2.0,3.4,58.9,0.5,1.5,33.9,0.6,1.4,41.5,0.6,0.8,67.7,0.2,0.8,28.1,2.5,6.4,39.7
213,James Johnson,IND,35,0.5,1.0,50.0,0.0,0.2,0.0,0.0,0.1,0.0,0.0,0.0,0.0,0.2,0.6,28.6,0.2,0.4,50.0
214,James Wiseman,DET,21,2.0,2.6,78.2,0.5,0.9,52.6,0.1,0.5,18.2,0.2,0.3,60.0,0.0,0.2,25.0,0.0,0.0,0.0
215,Jared Rhoden,DET,23,0.0,0.0,0.0,0.0,1.0,0.0,1.0,1.0,100,0.0,0.0,0.0,0.0,0.0,0.0,0.0,1.0,0.0
216,Jaren Jackson Jr.,MEM,23,3.4,5.2,65.5,1.0,2.1,49.4,0.1,0.4,21.4,0.0,0.0,100,0.7,1.7,42.4,0.7,2.5,29.8
217,Jarred Vanderbilt,LAL,23,2.6,3.7,69.3,0.3,0.9,37.5,0.1,0.3,23.1,0.0,0.0,0.0,0.4,1.0,35.2,0.0,0.1,0.0
218,Jarrett Allen,CLE,24,4.7,6.2,75.6,0.9,1.9,46.9,0.4,0.7,51.4,0.1,0.4,35.0,0.0,0.2,0.0,0.0,0.0,50.0
219,Jarrett Culver,ATL,23,1.3,2.4,54.5,0.1,0.1,100,0.1,0.3,50.0,0.1,0.4,33.3,0.3,0.9,28.6,0.0,0.8,0.0
220,Jason Preston,LAC,23,0.4,0.7,55.6,0.3,0.7,50.0,0.2,0.4,50.0,0.2,0.2,100,0.2,0.5,50.0,0.2,0.8,20.0
221,Javonte Green,CHI,29,1.6,2.1,75.9,0.1,0.4,36.4,0.0,0.0,0.0,0.0,0.0,0.0,0.2,0.6,27.8,0.3,0.6,50.0
222,Jaxson Hayes,NOP,22,1.5,2.1,69.7,0.3,0.6,47.4,0.0,0.0,0.0,0.0,0.0,100,0.1,0.5,14.3,0.0,0.3,10.0
223,Jaylen Brown,BOS,26,4.4,6.4,68.6,0.8,2.1,40.4,0.9,1.6,57.0,1.0,2.2,46.2,0.7,1.9,36.3,2.0,5.9,33.1
224,Jaylen Nowell,MIN,23,1.9,3.2,59.6,0.6,1.3,47.3,0.6,1.2,52.9,0.2,0.5,40.7,0.4,1.4,31.7,0.7,2.2,30.3
225,Jaylin Williams,OKC,20,0.7,1.3,54.8,0.2,0.4,40.0,0.3,0.7,40.0,0.1,0.1,66.7,0.4,0.7,53.3,0.4,0.9,47.6
226,Jayson Tatum,BOS,24,4.7,7.1,65.7,0.8,2.2,38.5,0.5,1.2,41.0,0.5,1.3,40.6,0.8,2.0,39.4,2.7,7.7,35.2
227,Jeff Dowtin Jr.,TOR,25,0.4,0.5,85.7,0.3,0.5,60.0,0.0,0.3,0.0,0.1,0.3,33.3,0.1,0.4,40.0,0.0,0.1,0.0
228,Jeff Green,DEN,36,1.6,2.6,63.6,0.4,0.9,44.8,0.2,0.4,42.9,0.1,0.1,80.0,0.2,0.8,30.8,0.1,0.7,16.7
229,Jerami Grant,POR,28,3.4,5.2,65.4,0.3,1.1,31.6,0.4,1.0,40.7,0.5,1.3,42.0,1.2,3.0,40.1,1.2,3.1,39.5
230,Jeremiah Robinson-Earl,OKC,22,2.0,3.3,59.8,0.0,0.0,0.0,0.1,0.2,50.0,0.0,0.2,25.0,0.5,1.5,35.0,0.6,1.5,42.1
231,Jeremy Sochan,SAS,19,2.4,4.3,57.3,0.5,1.2,42.6,0.3,0.6,48.3,0.2,0.5,35.0,0.3,1.1,26.5,0.3,1.1,28.0
232,Jericho Sims,NYK,24,1.7,2.0,84.9,0.1,0.1,60.0,0.0,0.1,25.0,0.0,0.0,0.0,0.0,0.0,0.0,0.0,0.0,0.0
233,Jevon Carter,MIL,27,0.4,0.8,50.0,0.1,0.2,30.8,0.2,0.4,44.0,0.5,1.1,45.8,0.5,1.3,41.7,1.0,2.5,38.6
234,Jimmy Butler,MIA,33,4.1,6.7,61.5,1.3,2.7,48.2,1.0,1.9,50.6,0.3,0.9,34.2,0.3,1.2,27.5,0.2,0.6,36.0
235,Jock Landale,PHX,27,1.8,2.4,73.7,0.4,0.8,45.0,0.0,0.2,25.0,0.0,0.1,50.0,0.2,0.4,42.1,0.2,1.1,18.5
236,Joe Harris,BKN,31,0.8,1.4,61.5,0.1,0.2,45.5,0.0,0.1,0.0,0.1,0.2,63.6,0.9,2.1,40.8,1.1,2.7,42.0
237,Joe Ingles,MIL,35,0.4,0.9,50.0,0.1,0.1,66.7,0.0,0.0,0.0,0.0,0.0,100,0.5,1.6,33.3,1.0,2.7,36.5
238,Joe Wieskamp,TOR,23,0.0,0.5,0.0,0.0,0.0,0.0,0.0,0.0,0.0,0.0,0.0,0.0,1.0,1.5,66.7,0.5,0.5,100
239,Joel Embiid,PHI,28,5.3,7.4,71.6,1.0,2.4,42.6,1.8,3.8,48.1,1.5,3.3,46.8,0.5,1.1,44.7,1.0,2.5,37.4
240,John Butler Jr.,POR,20,0.2,0.2,100.0,0.0,0.0,0.0,0.0,0.0,0.0,0.0,0.0,0.0,0.0,0.3,0.0,0.0,0.3,0.0
241,John Collins,ATL,25,3.0,3.9,75.9,0.6,1.4,41.8,0.6,1.1,50.0,0.3,0.6,55.6,0.4,1.5,27.0,0.4,1.7,23.5
242,John Konchar,MEM,26,1.1,1.7,62.2,0.0,0.3,14.3,0.0,0.1,28.6,0.0,0.0,0.0,0.7,1.9,35.2,0.4,1.1,38.0
243,John Wall,HOU,32,1.9,3.3,56.3,0.4,1.0,41.2,0.2,0.7,34.8,0.5,1.3,36.4,0.3,1.1,27.0,0.8,2.5,30.6
244,Johnny Davis,WAS,20,0.2,0.2,100.0,0.0,0.1,0.0,0.1,0.4,25.0,0.2,0.4,50.0,0.0,0.3,0.0,0.0,0.2,0.0
245,Jonas Valanciunas,NOP,30,3.3,5.0,65.8,1.1,2.1,51.7,0.6,1.3,43.8,0.2,0.6,37.1,0.1,0.4,23.8,0.5,1.2,37.7
246,Jonathan Isaac,ORL,25,1.0,1.9,53.3,0.1,0.6,20.0,0.3,0.5,50.0,0.1,0.3,50.0,0.5,0.9,57.1,0.1,0.9,14.3
247,Jonathan Kuminga,GSW,20,2.0,3.1,64.9,0.4,1.0,41.5,0.1,0.3,50.0,0.0,0.1,33.3,0.3,1.0,28.9,0.3,1.0,34.1
248,Jordan Clarkson,UTA,30,2.1,3.5,60.5,1.6,3.3,50.3,0.9,2.0,44.5,0.2,0.3,55.6,0.8,2.0,40.2,1.8,5.5,32.7
249,Jordan Goodwin,WAS,24,1.0,1.7,58.8,0.3,0.8,40.0,0.3,0.6,50.0,0.1,0.6,22.7,0.4,0.7,56.0,0.4,1.1,33.3
250,Jordan Hall,SAS,21,0.3,0.4,75.0,0.0,0.1,0.0,0.1,0.4,33.3,0.0,0.3,0.0,0.4,1.1,40.0,0.1,0.9,12.5
251,Jordan McLaughlin,MIN,26,0.7,1.1,60.0,0.3,0.4,66.7,0.0,0.1,50.0,0.1,0.1,100,0.3,0.9,30.0,0.1,0.7,20.0
252,Jordan Nwora,IND,24,0.6,1.2,47.8,0.2,0.4,47.1,0.1,0.3,18.2,0.0,0.4,7.1,0.3,1.1,30.8,0.8,1.8,44.9
253,Jordan Poole,GSW,23,2.7,4.1,65.3,0.6,1.4,41.3,0.5,1.1,41.7,0.6,1.3,45.2,0.5,1.6,29.9,2.0,5.8,34.9
254,Jordan Schakel,WAS,24,0.0,0.0,0.0,0.0,1.0,0.0,0.0,0.0,0.0,0.0,0.0,0.0,0.0,0.0,0.0,1.0,1.0,100
255,Jose Alvarado,NOP,24,1.4,2.3,59.2,0.4,1.1,33.3,0.1,0.4,33.3,0.0,0.1,14.3,0.6,1.5,43.4,0.8,2.6,30.1
256,Josh Christopher,HOU,21,1.0,1.4,69.8,0.3,0.6,43.5,0.4,0.7,52.0,0.0,0.3,0.0,0.1,0.4,41.7,0.1,0.7,15.4
257,Josh Giddey,OKC,20,3.9,6.3,62.9,1.4,3.4,41.7,0.6,1.4,45.7,0.1,0.3,21.4,0.4,1.0,38.5,0.6,2.1,28.2
258,Josh Green,DAL,22,1.8,2.2,79.5,0.2,0.5,40.0,0.1,0.3,45.5,0.0,0.1,0.0,0.9,2.1,42.1,0.2,0.5,47.1
259,Josh Hart,NYK,27,2.5,3.7,67.4,0.3,0.5,50.0,0.1,0.4,27.3,0.1,0.3,23.1,0.4,1.3,27.7,0.3,1.0,34.0
260,Josh Minott,MIN,20,1.2,2.0,60.0,0.1,0.3,50.0,0.0,0.1,0.0,0.0,0.0,0.0,0.0,0.2,0.0,0.1,0.2,50.0
261,Josh Okogie,PHX,24,0.9,1.7,52.5,0.2,0.6,40.0,0.0,0.2,12.5,0.1,0.3,36.4,0.3,1.0,28.9,0.3,0.9,35.6
262,Josh Richardson,NOP,29,0.6,1.0,61.4,0.5,0.7,61.3,0.6,1.6,39.4,0.6,1.2,54.0,0.6,1.4,41.4,1.3,3.6,34.9
263,Joshua Primo,SAS,20,0.5,1.5,33.3,0.5,0.8,66.7,0.3,0.5,50.0,0.3,0.5,50.0,0.3,1.3,20.0,0.5,1.8,28.6
264,Jrue Holiday,MIL,32,2.6,4.2,61.8,1.0,2.3,42.7,0.5,1.2,42.9,0.8,1.5,51.5,0.6,1.7,35.9,1.7,4.7,37.1
265,Juan Toscano-Anderson,UTA,29,0.9,1.3,73.0,0.0,0.1,0.0,0.0,0.1,0.0,0.0,0.1,50.0,0.1,0.4,27.3,0.1,0.2,28.6
266,Juancho Hernangomez,TOR,27,0.7,1.0,71.4,0.0,0.1,33.3,0.0,0.0,0.0,0.0,0.0,0.0,0.3,0.8,33.3,0.2,0.9,19.4
267,Julian Champagnie,PHI,21,0.0,0.0,0.0,0.0,0.0,0.0,0.0,0.0,0.0,0.0,0.5,0.0,0.0,1.0,0.0,0.0,0.0,0.0
268,Julius Randle,NYK,28,3.3,5.1,65.5,0.9,1.8,49.0,0.8,1.8,45.0,0.5,1.3,40.5,1.1,3.0,36.4,1.7,5.1,33.6
269,Justin Champagnie,TOR,21,0.7,0.7,100.0,0.5,0.5,100,0.0,0.0,0.0,0.0,0.0,0.0,0.0,0.0,0.0,0.0,0.0,0.0
270,Justin Holiday,HOU,33,0.5,0.7,68.4,0.0,0.0,0.0,0.0,0.1,0.0,0.1,0.3,33.3,0.6,2.0,30.2,0.6,1.4,40.0
271,Justin Jackson,BOS,27,0.0,0.1,50.0,0.0,0.1,0.0,0.1,0.1,50.0,0.0,0.1,0.0,0.2,0.4,37.5,0.1,0.6,16.7
272,Justise Winslow,POR,26,1.7,3.2,52.2,0.4,1.2,35.3,0.2,0.6,27.8,0.1,0.2,33.3,0.3,1.0,34.5,0.1,0.7,21.1
273,Jusuf Nurkic,POR,28,3.7,6.0,61.1,0.5,1.3,36.2,0.1,0.2,42.9,0.1,0.2,57.1,0.2,0.6,29.6,0.7,1.6,41.9
274,KZ Okpala,SAC,23,0.3,0.4,66.7,0.0,0.1,0.0,0.0,0.0,0.0,0.0,0.0,100,0.2,0.5,38.5,0.1,0.3,25.0
275,Kai Jones,CHA,22,0.9,1.3,66.7,0.1,0.4,25.0,0.1,0.2,50.0,0.0,0.0,0.0,0.0,0.2,20.0,0.1,0.3,33.3
276,Karl-Anthony Towns,MIN,27,3.1,4.2,73.9,1.5,3.1,49.2,0.2,0.4,44.4,0.3,0.4,66.7,0.8,2.3,34.7,1.4,3.9,35.4
277,Kawhi Leonard,LAC,31,2.2,3.3,66.3,1.1,2.1,52.9,1.4,2.8,51.1,1.5,2.9,51.1,0.8,2.0,41.5,1.0,3.0,33.3
278,Keegan Murray,SAC,22,1.3,2.4,54.3,0.2,0.5,42.3,0.2,0.4,47.8,0.1,0.2,23.1,1.0,2.5,42.0,1.5,3.6,42.1
279,Keita Bates-Diop,SAS,27,2.2,3.3,66.4,0.2,0.9,22.9,0.1,0.4,37.5,0.0,0.0,0.0,0.3,0.9,31.6,0.3,0.7,37.9
280,Keldon Johnson,SAS,23,3.9,6.4,60.7,1.1,2.7,41.2,0.4,1.3,29.7,0.1,0.3,33.3,1.0,2.5,40.2,1.3,4.2,30.2
281,Kelly Olynyk,UTA,31,2.0,3.0,66.9,0.3,1.0,32.6,0.1,0.3,20.0,0.2,0.3,58.3,0.5,1.3,38.3,0.9,2.2,41.2
282,Kelly Oubre Jr.,CHA,27,3.3,6.0,55.5,0.9,2.1,41.3,0.5,1.3,37.0,0.4,0.8,50.0,1.2,3.0,40.4,1.2,4.5,26.4
283,Kemba Walker,DAL,32,0.9,1.4,61.5,0.3,0.7,50.0,0.3,0.4,75.0,0.3,0.6,60.0,0.2,0.9,25.0,0.6,2.6,23.8
284,Kendall Brown,IND,19,0.5,0.8,60.0,0.0,0.0,0.0,0.2,0.2,100,0.0,0.0,0.0,0.0,0.2,0.0,0.0,0.0,0.0
285,Kendrick Nunn,WAS,27,1.0,1.7,60.3,0.2,0.6,32.1,0.3,0.7,39.3,0.3,0.6,56.0,0.5,1.3,37.7,0.6,2.2,28.6
286,Kennedy Chandler,MEM,20,0.7,1.4,53.1,0.2,0.7,33.3,0.0,0.1,33.3,0.1,0.1,50.0,0.0,0.1,0.0,0.1,0.5,18.2
287,Kenneth Lofton Jr.,MEM,20,0.9,1.1,77.8,0.0,0.0,0.0,0.0,0.5,0.0,0.0,0.5,0.0,0.0,0.0,0.0,0.0,0.4,0.0
288,Kenrich Williams,OKC,28,1.7,2.4,69.0,0.1,0.4,41.2,0.2,0.4,38.1,0.2,0.4,58.8,0.6,1.4,43.8,0.5,1.3,36.5
289,Kentavious Caldwell-Pope,DEN,29,1.1,1.9,57.4,0.1,0.3,37.5,0.3,0.6,45.2,0.5,1.0,44.4,1.2,2.7,44.4,0.9,2.0,45.4
290,Kenyon Martin Jr.,HOU,22,3.4,4.6,73.0,0.3,0.8,43.2,0.0,0.0,0.0,0.0,0.0,0.0,0.3,0.8,39.1,0.6,1.8,32.4
291,Keon Ellis,SAC,23,0.0,0.0,0.0,0.2,0.2,100,0.0,0.3,0.0,0.0,0.0,0.0,0.0,0.0,0.0,0.8,1.2,71.4
292,Keon Johnson,POR,20,0.7,1.2,60.0,0.1,0.6,15.4,0.1,0.2,25.0,0.0,0.4,11.1,0.3,1.2,25.0,0.5,1.1,46.4
293,Kessler Edwards,SAC,22,0.3,0.4,66.7,0.0,0.2,0.0,0.0,0.0,0.0,0.0,0.2,0.0,0.1,1.0,9.1,0.1,0.4,33.3
294,Kevin Durant,PHX,34,2.1,2.7,76.4,1.7,2.7,62.5,2.8,4.8,59.1,1.9,3.4,57.3,0.6,1.5,39.7,1.4,3.7,37.7
295,Kevin Huerter,SAC,24,1.5,2.1,72.9,0.7,1.0,67.3,0.4,0.9,40.4,0.3,0.6,42.4,0.7,1.8,39.6,1.8,4.8,38.3
296,Kevin Knox II,POR,23,0.7,0.9,76.9,0.1,0.3,46.2,0.1,0.2,42.9,0.0,0.1,33.3,0.5,1.5,34.9,0.5,1.2,42.3
297,Kevin Love,CLE,34,0.5,0.9,57.9,0.2,0.5,50.0,0.1,0.3,23.1,0.1,0.3,33.3,0.6,1.4,44.6,1.0,3.3,31.6
298,Kevin Porter Jr.,HOU,22,2.5,4.1,59.8,0.7,1.9,35.1,0.9,1.8,47.9,0.5,1.1,40.9,0.7,1.4,50.9,1.6,5.0,31.8
299,Kevon Harris,ORL,25,0.7,1.6,46.5,0.0,0.1,25.0,0.0,0.0,0.0,0.0,0.1,0.0,0.2,0.4,54.5,0.2,0.7,29.4
300,Kevon Looney,GSW,27,2.3,3.4,68.3,0.3,0.6,54.5,0.1,0.2,50.0,0.1,0.1,42.9,0.0,0.0,50.0,0.0,0.0,0.0
301,Khem Birch,SAS,30,0.7,0.8,81.3,0.2,0.5,40.0,0.1,0.2,33.3,0.0,0.1,0.0,0.1,0.1,50.0,0.0,0.0,0.0
302,Khris Middleton,MIL,31,1.4,2.1,67.6,0.6,1.3,47.6,0.6,1.3,42.9,0.6,1.4,45.5,0.4,1.5,29.2,1.1,3.7,28.8
303,Killian Hayes,DET,21,0.6,1.4,44.4,0.6,1.5,40.7,0.8,2.1,40.2,0.5,1.1,42.4,0.5,1.6,27.6,0.9,2.4,36.2
304,Kira Lewis Jr.,NOP,21,0.9,1.6,57.9,0.3,0.6,42.9,0.1,0.4,25.0,0.4,0.4,100,0.3,0.6,57.1,0.3,0.8,30.0
305,Klay Thompson,GSW,33,1.5,2.4,63.7,0.3,1.0,30.2,0.6,1.7,36.1,1.0,2.1,44.6,1.0,3.1,34.1,3.3,8.0,41.7
306,Kristaps Porzingis,WAS,27,2.6,3.9,67.0,1.2,2.3,52.4,0.8,1.9,44.3,0.7,1.6,42.5,0.2,0.6,37.9,1.8,5.0,36.7
307,Kyle Anderson,MIN,29,1.2,2.0,60.9,1.0,2.0,47.8,0.2,0.5,47.8,0.0,0.1,25.0,0.4,1.0,41.7,0.2,0.5,42.9
308,Kyle Kuzma,WAS,27,3.7,5.1,71.6,1.1,2.8,39.2,0.5,1.4,32.9,0.3,0.8,41.5,1.0,2.5,39.4,1.4,4.6,30.0
309,Kyle Lowry,MIA,36,1.0,1.8,55.0,0.2,0.5,45.0,0.4,0.8,51.4,0.2,0.4,41.2,0.7,1.5,42.6,1.4,4.5,30.3
310,Kyrie Irving,DAL,30,2.7,4.3,62.6,1.1,2.0,54.1,1.5,2.7,54.8,0.9,1.8,46.8,1.0,2.5,41.5,2.6,6.5,39.6
311,LaMelo Ball,CHA,21,2.5,4.9,50.7,0.8,2.2,35.4,0.6,1.4,41.9,0.4,1.0,35.5,0.9,2.0,42.6,2.6,7.3,35.3
312,Lamar Stevens,CLE,25,1.1,1.8,61.3,0.2,0.4,47.1,0.3,0.6,45.8,0.0,0.2,14.3,0.4,1.2,30.4,0.2,0.4,35.3
313,Landry Shamet,PHX,25,0.7,1.5,48.9,0.0,0.1,25.0,0.2,0.5,35.7,0.1,0.5,21.4,1.0,2.2,43.3,1.0,3.2,32.0
314,Larry Nance Jr.,NOP,30,2.6,3.5,72.7,0.4,0.7,54.8,0.1,0.3,33.3,0.1,0.2,50.0,0.2,0.6,38.5,0.1,0.3,25.0
315,Lauri Markkanen,UTA,25,3.6,5.2,68.3,0.9,2.2,43.4,0.4,0.7,57.9,0.2,0.5,40.7,1.4,2.8,51.4,1.8,4.7,37.6
316,LeBron James,LAL,38,6.8,9.4,72.3,0.8,2.0,41.6,0.5,1.6,33.3,1.0,2.1,45.7,0.6,1.8,33.8,1.8,5.6,31.7
317,Leandro Bolmaro,UTA,22,0.1,0.4,16.7,0.1,0.5,16.7,0.1,0.1,100,0.0,0.3,0.0,0.0,0.0,0.0,0.0,0.3,0.0
318,Lindy Waters III,OKC,25,0.1,0.2,50.0,0.0,0.0,0.0,0.1,0.1,100,0.0,0.0,0.0,0.6,1.0,55.0,0.7,2.2,29.8
319,Lonnie Walker IV,LAL,24,2.2,3.6,61.3,0.3,0.8,40.6,0.2,0.5,36.8,0.4,0.9,41.7,0.8,2.2,37.6,1.1,2.9,36.6
320,Luguentz Dort,OKC,23,2.4,4.9,49.8,0.3,0.9,30.2,0.1,0.3,25.0,0.1,0.2,40.0,0.7,2.0,36.2,1.2,3.3,36.3
321,Luka Doncic,DAL,23,4.0,5.6,71.4,2.2,4.0,54.2,1.7,3.1,55.2,0.6,1.7,32.5,0.5,1.2,42.1,2.3,6.2,36.2
322,Luka Garza,MIN,24,1.3,1.7,73.7,0.4,1.0,42.1,0.2,0.3,66.7,0.0,0.1,0.0,0.1,0.3,40.0,0.5,1.5,35.5
323,Luke Kennard,MEM,26,0.3,0.8,40.7,0.3,0.3,75.0,0.3,0.5,57.9,0.1,0.5,29.4,0.7,1.3,53.3,1.1,2.5,42.7
324,Luke Kornet,BOS,27,1.5,2.0,76.6,0.1,0.2,55.6,0.0,0.1,33.3,0.0,0.0,0.0,0.0,0.1,40.0,0.0,0.1,33.3
325,Malachi Flynn,TOR,24,0.4,0.8,48.4,0.1,0.4,28.6,0.2,0.3,46.2,0.1,0.6,14.3,0.4,0.8,43.8,0.6,1.9,33.3
326,Malaki Branham,SAS,19,0.9,1.4,62.1,0.4,0.9,48.6,0.5,0.9,53.8,0.4,0.9,44.4,0.5,1.3,39.6,0.6,2.4,27.3
327,Malcolm Brogdon,BOS,30,1.6,3.0,53.1,0.5,1.3,41.0,0.4,0.8,50.0,0.3,0.7,45.5,0.5,1.3,43.3,1.5,3.3,46.8
328,Malcolm Hill,CHI,27,0.0,0.0,0.0,-,-,-,0.0,0.0,0.0,-,-,-,0.0,0.0,0.0,0.0,0.0,0.0
329,Malik Beasley,LAL,26,0.5,0.9,55.1,0.6,1.1,51.7,0.3,0.7,43.2,0.3,0.7,37.8,1.2,3.4,36.6,2.0,5.3,37.0
330,Malik Monk,SAC,25,2.3,3.6,63.9,0.4,0.9,39.2,0.2,0.6,33.3,0.1,0.3,50.0,0.6,1.7,37.2,1.1,3.4,31.5
331,Mamadi Diakite,CLE,26,0.3,0.3,100.0,0.1,0.2,66.7,0.0,0.3,0.0,0.0,0.0,0.0,0.1,0.7,12.5,0.2,0.5,42.9
332,MarJon Beauchamp,MIL,22,0.9,1.5,58.2,0.1,0.2,42.9,0.1,0.2,42.9,0.1,0.2,37.5,0.6,1.9,29.7,0.5,1.5,35.1
333,Marcus Morris Sr.,LAC,33,0.6,1.1,57.4,0.5,0.9,55.3,0.8,1.9,42.7,0.7,1.6,43.8,0.7,1.9,35.1,1.4,3.4,41.1
334,Marcus Smart,BOS,28,1.2,2.1,57.6,0.7,1.3,52.8,0.2,0.5,45.5,0.1,0.2,42.9,0.5,1.6,31.8,1.3,3.7,34.2
335,Mark Williams,CHA,21,2.4,3.4,71.6,0.4,0.9,40.0,0.0,0.2,25.0,0.1,0.1,66.7,0.0,0.0,0.0,0.0,0.0,0.0
336,Markelle Fultz,ORL,24,2.7,4.5,60.1,0.9,1.7,49.2,0.6,1.3,45.5,0.6,1.5,42.3,0.3,0.7,45.8,0.1,0.7,20.8
337,Markieff Morris,DAL,33,0.1,0.3,50.0,0.0,0.3,12.5,0.1,0.3,42.9,0.2,0.3,50.0,0.4,0.9,40.0,0.4,1.0,42.3
338,Marko Simonovic,CHI,23,0.0,0.0,0.0,0.0,0.0,0.0,0.0,0.0,0.0,0.0,0.0,0.0,0.0,0.0,0.0,0.0,0.5,0.0
339,Marvin Bagley III,DET,23,2.6,3.8,70.2,0.7,1.7,39.5,0.4,0.7,58.8,0.2,0.6,42.9,0.1,0.4,22.2,0.3,0.9,30.4
340,Mason Plumlee,LAC,32,4.3,5.9,71.8,0.3,0.8,34.9,0.1,0.2,50.0,0.1,0.2,60.0,0.0,0.0,0.0,0.0,0.0,0.0
341,Matisse Thybulle,POR,25,0.5,0.9,58.1,0.1,0.2,44.4,0.0,0.0,0.0,0.0,0.0,0.0,0.3,0.8,31.6,0.2,0.5,37.5
342,Matt Ryan,MIN,25,0.1,0.2,66.7,0.0,0.1,25.0,0.0,0.0,0.0,0.0,0.3,16.7,0.8,1.7,47.9,0.4,1.4,26.2
343,Matthew Dellavedova,SAC,32,0.1,0.2,40.0,0.2,0.3,50.0,0.0,0.2,0.0,0.1,0.1,100,0.1,0.2,25.0,0.3,0.6,41.7
344,Max Christie,LAL,20,0.3,0.6,42.1,0.1,0.2,50.0,0.1,0.3,37.5,0.1,0.2,60.0,0.4,1.1,35.3,0.4,0.9,46.7
345,Max Strus,MIA,26,1.4,2.3,61.5,0.2,0.5,41.4,0.1,0.2,53.8,0.0,0.1,16.7,1.1,2.6,40.7,1.5,4.9,30.7
346,Maxi Kleber,DAL,31,1.1,1.5,73.5,0.0,0.0,100,0.0,0.0,0.0,0.0,0.1,50.0,0.5,1.5,32.4,0.6,1.5,40.6
347,McKinley Wright IV,DAL,24,0.6,0.9,73.3,0.2,0.7,30.0,0.1,0.3,20.0,0.1,0.2,66.7,0.1,0.2,25.0,0.1,0.4,14.3
348,Mfiondu Kabengele,BOS,25,0.5,0.5,100.0,0.0,0.0,0.0,0.0,0.0,0.0,0.0,0.0,0.0,0.0,0.0,0.0,0.0,0.5,0.0
349,Micah Potter,UTA,24,0.7,0.7,100.0,0.0,0.0,0.0,0.0,0.0,0.0,0.0,0.0,0.0,0.0,0.0,0.0,0.0,0.0,0.0
350,Michael Foster Jr.,PHI,20,0.0,0.0,0.0,-,-,-,0.0,0.0,0.0,0.0,0.0,0.0,-,-,-,-,-,-
351,Michael Porter Jr.,DEN,24,2.0,2.9,67.8,0.2,0.5,40.0,0.4,0.7,51.7,0.5,1.1,40.9,1.4,2.6,51.5,1.7,4.8,36.2
352,Mikal Bridges,BKN,26,2.1,3.2,64.4,0.8,1.7,43.3,1.2,2.8,44.8,0.4,1.1,40.0,1.3,3.1,42.8,0.5,1.7,28.9
353,Mike Conley,MIN,35,0.8,1.4,55.7,0.5,1.2,41.5,0.4,0.9,46.2,0.0,0.1,0.0,0.7,1.7,42.1,1.1,3.3,34.2
354,Mike Muscala,BOS,31,0.4,0.5,69.6,0.0,0.2,25.0,0.2,0.3,46.7,0.1,0.3,50.0,0.5,1.0,45.7,0.9,2.4,38.7
355,Miles McBride,NYK,22,0.3,0.6,44.4,0.1,0.1,50.0,0.1,0.3,33.3,0.1,0.2,55.6,0.5,1.4,35.6,0.2,1.1,20.4
356,Mitchell Robinson,NYK,24,3.1,4.5,68.4,0.0,0.1,33.3,0.0,0.0,0.0,0.0,0.0,0.0,0.0,0.0,0.0,0.0,0.0,0.0
357,Mo Bamba,LAL,24,1.4,2.1,67.1,0.1,0.2,22.2,0.1,0.2,42.9,0.1,0.1,50.0,0.4,0.8,43.8,0.8,2.0,38.0
358,Monte Morris,WAS,27,1.0,1.7,62.3,0.6,1.1,52.9,0.3,0.8,44.4,0.5,1.1,48.1,0.7,1.4,47.6,0.8,2.3,35.8
359,Montrezl Harrell,PHI,29,1.9,2.9,64.3,0.3,0.6,54.8,0.0,0.1,20.0,0.0,0.0,0.0,0.0,0.0,0.0,0.0,0.0,0.0
360,Moritz Wagner,ORL,25,2.5,3.8,65.9,0.2,0.5,37.5,0.0,0.0,0.0,0.1,0.1,75.0,0.2,0.9,21.9,0.8,2.3,36.3
361,Moses Brown,LAC,23,1.8,2.7,66.3,0.1,0.2,33.3,0.0,0.0,0.0,0.0,0.0,0.0,0.0,0.0,0.0,0.0,0.0,0.0
362,Moses Moody,GSW,20,0.7,1.0,66.7,0.1,0.2,25.0,0.1,0.1,60.0,0.1,0.1,50.0,0.4,1.2,35.4,0.5,1.2,40.0
363,Moussa Diabate,LAC,21,1.1,2.1,52.9,0.2,0.2,100,0.0,0.1,0.0,0.0,0.0,0.0,0.1,0.2,50.0,0.0,0.0,0.0
364,Myles Turner,IND,26,3.5,5.1,68.2,0.8,1.5,52.9,0.3,0.6,51.7,0.1,0.3,20.0,0.3,0.8,41.7,1.3,3.3,38.1
365,Naji Marshall,NOP,25,1.5,2.7,57.6,0.6,1.5,37.7,0.3,0.6,45.2,0.1,0.2,44.4,0.5,1.4,32.0,0.6,1.6,34.1
366,Nassir Little,POR,23,0.9,1.3,66.0,0.0,0.2,0.0,0.0,0.2,16.7,0.3,0.3,90.0,0.3,0.7,34.6,0.8,1.9,41.5
367,Nathan Knight,MIN,25,1.0,1.4,70.2,0.0,0.2,20.0,0.0,0.0,0.0,0.0,0.0,0.0,0.1,0.4,40.0,0.1,0.3,36.4
368,Naz Reid,MIN,23,2.7,3.6,73.7,0.4,1.0,39.6,0.1,0.2,37.5,0.0,0.0,0.0,0.3,1.0,25.0,0.7,1.9,39.2
369,Neemias Queta,SAC,23,1.5,2.0,75.0,0.0,0.0,0.0,0.0,0.0,0.0,0.0,0.0,0.0,0.0,0.0,0.0,0.0,0.0,0.0
370,Nerlens Noel,DET,28,0.4,0.8,50.0,0.1,0.3,25.0,0.2,0.5,28.6,0.2,0.5,42.9,0.0,0.0,0.0,0.1,0.1,50.0
371,Nic Claxton,BKN,23,5.2,6.6,78.7,0.5,1.1,46.3,0.0,0.1,20.0,0.0,0.0,0.0,0.0,0.0,0.0,0.0,0.0,0.0
372,Nick Richards,CHA,25,2.9,4.3,67.4,0.1,0.5,28.6,0.0,0.0,0.0,0.0,0.0,50.0,0.0,0.0,0.0,0.0,0.0,0.0
373,Nickeil Alexander-Walker,MIN,24,0.7,1.1,61.9,0.3,0.6,45.0,0.1,0.3,22.2,0.2,0.3,88.9,0.5,1.2,39.0,0.6,1.4,44.9
374,Nicolas Batum,LAC,34,0.4,0.7,60.0,0.0,0.0,100,0.0,0.1,25.0,0.0,0.1,25.0,0.8,1.9,40.6,0.7,2.1,36.3
375,Nikola Jokic,DEN,27,5.2,7.0,74.0,2.1,3.4,62.0,0.6,1.2,50.0,0.6,0.9,64.3,0.2,0.5,34.8,0.8,2.0,41.5
376,Nikola Jovic,MIA,19,1.1,1.4,75.0,0.1,0.4,20.0,0.2,0.4,40.0,0.1,0.1,100,0.3,1.2,25.0,0.4,1.8,23.8
377,Nikola Vucevic,CHI,32,2.8,4.1,68.9,1.5,2.5,60.1,0.7,1.5,46.9,0.6,1.1,52.4,0.6,1.5,39.5,1.1,3.4,33.5
378,Noah Vonleh,BOS,27,0.4,0.7,56.3,0.0,0.1,0.0,0.1,0.1,50.0,0.0,0.0,0.0,0.1,0.2,33.3,0.0,0.0,0.0
379,Norman Powell,LAC,29,2.4,4.0,61.2,0.5,1.1,41.8,0.3,0.7,45.7,0.3,0.6,44.8,1.0,2.4,43.1,1.1,2.7,39.4
380,O.G. Anunoby,TOR,25,3.3,5.4,61.4,0.5,1.4,35.9,0.2,0.7,30.3,0.3,0.8,36.8,1.2,3.0,40.3,0.7,2.4,31.1
381,Obi Toppin,NYK,24,1.0,1.8,55.8,0.1,0.4,25.0,0.0,0.1,0.0,0.0,0.1,66.7,0.8,1.9,43.2,0.4,1.4,27.6
382,Ochai Agbaji,UTA,22,0.6,1.0,63.6,0.2,0.2,62.5,0.0,0.1,33.3,0.0,0.0,0.0,0.6,1.3,47.7,0.1,0.7,19.0
383,Onyeka Okongwu,ATL,22,3.0,4.3,70.4,0.4,0.7,52.6,0.1,0.2,53.8,0.4,0.7,47.5,0.0,0.1,25.0,0.0,0.0,0.0
384,Orlando Robinson,MIA,22,1.3,2.0,65.4,0.3,0.7,42.1,0.0,0.1,0.0,0.0,0.0,0.0,0.0,0.2,0.0,0.0,0.1,0.0
385,Oshae Brissett,IND,24,0.9,1.8,48.8,0.0,0.2,22.2,0.0,0.1,66.7,0.0,0.1,0.0,0.2,0.8,23.1,0.6,1.6,38.7
386,Otto Porter Jr.,TOR,29,0.8,0.8,100.0,0.1,0.1,100,0.0,0.1,0.0,0.3,0.4,66.7,0.3,1.0,25.0,0.5,1.4,36.4
387,Ousmane Dieng,OKC,19,0.9,1.3,70.8,0.1,0.3,33.3,0.0,0.1,0.0,0.0,0.0,0.0,0.4,1.1,35.0,0.3,1.3,24.0
388,P.J. Tucker,PHI,37,0.3,0.7,44.7,0.1,0.3,35.7,0.1,0.1,57.1,0.0,0.0,50.0,0.7,1.6,40.0,0.0,0.1,50.0
389,P.J. Washington,CHA,24,2.2,3.5,62.9,0.9,2.1,43.6,0.3,0.7,36.6,0.1,0.6,25.8,0.8,2.2,35.8,1.3,3.9,33.8
390,PJ Dozier,SAC,26,0.3,0.3,100.0,0.0,0.0,0.0,0.0,0.0,0.0,0.0,0.0,0.0,0.0,0.3,0.0,0.3,0.3,100
391,Paolo Banchero,ORL,20,3.2,5.2,61.1,0.7,2.3,31.5,0.4,1.3,32.3,0.7,2.0,34.0,0.5,1.3,36.5,1.0,3.3,29.9
392,Pascal Siakam,TOR,28,3.6,5.3,68.7,1.7,4.0,42.6,1.2,2.6,45.1,0.9,2.2,40.2,0.6,1.9,31.8,1.0,2.8,36.4
393,Pat Connaughton,MIL,30,0.9,1.6,55.6,0.1,0.2,28.6,0.0,0.0,0.0,0.0,0.1,50.0,0.9,2.3,37.4,1.3,3.6,35.2
394,Patrick Baldwin Jr.,GSW,20,0.4,0.4,83.3,0.0,0.1,0.0,0.0,0.3,0.0,0.0,0.1,0.0,0.5,1.2,41.2,1.2,2.5,46.9
395,Patrick Beverley,ORL,34,0.5,1.0,52.3,0.3,0.7,46.7,0.1,0.1,50.0,0.0,0.0,0.0,0.6,1.5,39.7,0.7,2.0,32.6
396,Patrick Williams,CHI,21,1.5,2.4,61.8,0.1,0.5,25.0,0.3,0.8,41.3,0.3,0.7,38.5,1.1,2.3,46.8,0.5,1.5,31.3
397,Patty Mills,BKN,34,0.3,0.5,70.6,0.1,0.1,40.0,0.0,0.2,14.3,0.3,0.7,43.5,0.7,1.6,41.1,0.7,1.9,37.3
398,Paul George,LAC,32,2.5,3.8,64.8,0.6,1.1,50.0,0.8,1.7,45.8,1.2,2.8,41.5,1.1,2.3,45.9,2.0,5.7,35.7
399,Paul Reed,PHI,23,1.3,1.9,68.5,0.1,0.3,27.3,0.0,0.2,16.7,0.0,0.0,0.0,0.0,0.0,0.0,0.0,0.1,0.0
400,Payton Pritchard,BOS,25,0.7,1.1,59.1,0.1,0.2,37.5,0.1,0.2,28.6,0.1,0.2,57.1,0.3,0.9,27.8,0.7,1.8,36.1
401,Peyton Watson,DEN,20,0.4,0.8,57.1,0.1,0.3,33.3,0.2,0.5,33.3,0.1,0.1,100,0.1,0.1,100,0.0,0.1,0.0
402,Precious Achiuwa,TOR,23,2.9,4.0,72.0,0.4,1.5,27.1,0.2,0.5,31.3,0.0,0.1,50.0,0.3,1.2,23.7,0.3,1.0,27.3
403,Quentin Grimes,NYK,22,1.7,2.4,70.5,0.1,0.2,30.0,0.0,0.1,20.0,0.0,0.1,40.0,1.1,2.6,41.2,0.8,2.7,29.4
404,R.J. Hampton,ORL,22,0.7,1.0,69.2,0.3,0.8,44.4,0.2,0.3,57.1,0.1,0.4,22.2,0.4,0.9,40.9,0.4,1.2,29.0
405,RJ Barrett,NYK,22,3.6,6.4,56.7,1.3,3.2,39.4,0.3,0.9,29.5,0.1,0.4,23.8,0.9,2.6,34.1,1.0,3.0,32.7
406,Raul Neto,CLE,30,0.6,0.8,71.0,0.1,0.2,50.0,0.1,0.1,100,0.1,0.1,50.0,0.2,0.4,46.2,0.1,0.6,22.7
407,Reggie Bullock,DAL,31,0.4,0.6,65.7,0.0,0.1,28.6,0.1,0.1,60.0,0.0,0.1,0.0,1.2,2.8,42.5,0.6,2.1,30.7
408,Reggie Jackson,CHA,32,1.3,2.4,52.0,0.5,1.2,45.2,0.4,0.9,43.8,0.3,0.7,38.9,0.7,1.7,42.0,0.9,2.9,31.8
409,Richaun Holmes,SAC,29,1.0,1.3,74.4,0.3,0.4,69.2,0.1,0.3,37.5,0.0,0.0,0.0,0.0,0.1,50.0,0.1,0.1,100
410,Ricky Rubio,CLE,32,0.3,0.8,33.3,0.3,0.5,50.0,0.5,1.0,50.0,0.0,0.3,0.0,0.8,1.7,45.0,0.3,1.5,22.2
411,Robert Covington,LAC,32,0.8,1.4,61.2,0.1,0.3,30.0,0.0,0.1,0.0,0.0,0.1,50.0,0.3,0.7,46.2,0.6,2.2,29.1
412,Robert Williams III,BOS,25,3.5,4.2,83.0,0.3,0.7,42.9,0.0,0.1,50.0,0.0,0.0,0.0,0.0,0.0,0.0,0.0,0.0,0.0
413,Robin Lopez,CLE,34,0.7,0.8,82.6,0.5,1.1,48.3,0.0,0.0,0.0,0.0,0.0,100,0.0,0.0,100,0.0,0.1,50.0
414,Rodney McGruder,DET,31,0.3,0.3,100.0,0.0,0.3,0.0,0.0,0.2,0.0,0.0,0.1,0.0,0.6,1.2,45.8,0.3,0.9,29.4
415,Romeo Langford,SAS,23,1.8,2.6,67.5,0.5,1.5,36.2,0.3,0.5,52.9,0.1,0.3,44.4,0.3,0.9,34.5,0.1,0.6,16.7
416,Ron Harper Jr.,TOR,22,0.3,0.3,100.0,0.0,0.3,0.0,0.0,0.0,0.0,0.0,0.0,0.0,0.3,0.3,100,0.3,0.7,50.0
417,Royce O'Neale,BKN,29,0.7,1.6,45.8,0.2,0.7,30.6,0.0,0.2,22.2,0.0,0.1,0.0,0.5,1.6,34.6,1.7,4.0,42.8
418,Rudy Gay,UTA,36,0.5,0.7,65.5,0.3,0.6,48.0,0.3,0.7,39.3,0.2,0.4,53.3,0.3,1.4,23.3,0.2,1.0,23.3
419,Rudy Gobert,MIN,30,4.8,6.6,72.3,0.1,0.4,23.8,0.1,0.2,33.3,0.0,0.0,0.0,0.0,0.0,0.0,0.0,0.0,0.0
420,Rui Hachimura,LAL,25,2.3,3.4,66.4,0.2,0.9,17.1,0.7,1.4,48.1,0.9,1.7,54.7,0.6,1.3,43.1,0.4,1.6,27.4
421,Russell Westbrook,UTA,34,3.5,6.6,53.4,0.3,1.0,28.3,0.4,1.0,38.5,0.4,1.2,33.9,0.4,1.4,32.4,0.8,2.8,28.1
422,Ryan Arcidiacono,POR,28,0.0,0.1,0.0,0.0,0.2,0.0,0.0,0.0,0.0,0.0,0.0,0.0,0.0,0.1,0.0,0.1,0.2,50.0
423,Ryan Rollins,GSW,20,0.3,0.9,37.5,0.1,0.2,50.0,0.0,0.1,0.0,0.0,0.0,0.0,0.1,0.5,20.0,0.2,0.4,50.0
424,Saben Lee,PHX,23,1.2,2.6,46.8,0.1,0.3,16.7,0.0,0.0,0.0,0.1,0.2,50.0,0.2,0.5,33.3,0.2,0.6,40.0
425,Saddiq Bey,ATL,23,2.0,3.6,56.7,0.4,1.1,34.5,0.2,0.7,26.5,0.1,0.4,31.8,1.0,2.4,40.2,1.0,3.2,31.1
426,Sam Hauser,BOS,25,0.4,0.5,75.0,0.0,0.1,0.0,0.1,0.1,75.0,0.0,0.0,0.0,0.7,1.6,41.4,0.9,2.3,40.5
427,Sandro Mamukelashvili,MIL,23,0.4,0.9,47.6,0.1,0.1,66.7,0.0,0.1,0.0,0.0,0.0,0.0,0.1,0.4,28.6,0.2,0.9,23.8
428,Santi Aldama,MEM,22,1.5,2.2,67.2,0.4,0.8,55.0,0.0,0.2,12.5,0.0,0.1,25.0,0.8,1.8,42.7,0.6,1.9,33.0
429,Scottie Barnes,TOR,21,3.3,5.5,60.1,1.1,2.5,46.6,0.3,0.9,28.0,0.2,0.8,25.0,0.6,1.8,33.3,0.5,1.7,31.2
430,Scotty Pippen Jr.,LAL,22,0.6,1.2,50.0,0.0,0.0,0.0,0.0,0.3,0.0,0.0,0.3,0.0,0.0,0.2,0.0,0.2,0.3,50.0
431,Serge Ibaka,IND,33,0.9,1.2,78.9,0.2,0.6,33.3,0.0,0.3,0.0,0.1,0.2,33.3,0.1,0.2,66.7,0.3,1.0,31.3
432,Seth Curry,BKN,32,0.5,0.9,52.9,0.1,0.2,50.0,0.5,0.8,61.3,0.7,1.5,45.8,1.1,2.5,44.9,1.1,2.5,41.4
433,Shaedon Sharpe,POR,19,1.5,2.4,63.8,0.1,0.3,38.9,0.1,0.3,35.7,0.3,0.5,55.2,0.7,1.6,40.0,0.4,1.4,29.5
434,Shai Gilgeous-Alexander,OKC,24,4.7,7.8,60.2,1.3,3.0,42.9,2.5,4.5,55.7,0.8,2.0,39.4,0.3,0.9,29.8,0.7,1.8,38.7
435,Shake Milton,PHI,26,1.9,3.0,61.6,0.5,1.1,45.5,0.3,0.8,35.1,0.1,0.3,53.8,0.3,0.9,37.0,0.5,1.2,41.0
436,Simone Fontecchio,UTA,27,0.3,0.6,52.9,0.1,0.2,33.3,0.0,0.1,50.0,0.0,0.1,33.3,0.6,1.3,48.4,0.3,1.4,21.6
437,Spencer Dinwiddie,BKN,29,2.1,3.6,57.8,0.6,1.5,38.8,0.4,0.9,44.0,0.3,0.6,54.8,1.3,2.5,51.9,1.3,3.8,33.3
438,Stanley Johnson,SAS,26,1.0,1.6,63.8,0.3,0.6,44.4,0.2,0.4,45.5,0.0,0.1,0.0,0.3,0.7,50.0,0.3,0.7,47.4
439,Stephen Curry,GSW,34,2.7,3.7,72.3,0.9,1.8,52.2,0.5,1.0,48.7,0.6,1.3,46.0,1.0,2.2,47.0,3.7,8.4,44.4
440,Sterling Brown,LAL,28,0.0,0.5,0.0,0.0,0.0,0.0,0.0,0.0,0.0,0.0,0.0,0.0,0.0,0.3,0.0,0.0,0.3,0.0
441,Steven Adams,MEM,29,3.2,5.1,63.4,0.5,1.0,45.5,0.0,0.1,50.0,0.0,0.0,0.0,0.0,0.0,0.0,0.0,0.0,0.0
442,Svi Mykhailiuk,CHA,25,0.0,0.1,0.0,0.0,0.1,0.0,0.0,0.0,0.0,0.0,0.0,0.0,0.3,0.4,75.0,0.3,0.5,50.0
443,T.J. McConnell,IND,30,1.8,2.9,61.4,0.8,1.6,49.4,0.3,0.9,36.7,0.1,0.2,62.5,0.1,0.3,43.8,0.2,0.5,42.3
444,T.J. Warren,PHX,29,1.2,1.7,72.7,0.6,1.4,41.7,0.9,1.8,52.2,0.5,1.0,56.0,0.3,1.0,32.0,0.3,0.8,40.9
445,Taj Gibson,WAS,37,1.0,1.4,72.9,0.1,0.3,40.0,0.1,0.3,55.6,0.1,0.3,33.3,0.0,0.3,12.5,0.1,0.2,25.0
446,Talen Horton-Tucker,UTA,22,1.5,2.7,53.8,0.4,0.8,47.1,0.1,0.4,33.3,0.1,0.2,37.5,0.2,0.7,22.6,0.5,1.8,25.3
447,Tari Eason,HOU,21,2.3,4.4,53.1,0.3,0.9,32.7,0.1,0.3,21.4,0.0,0.1,0.0,0.3,0.8,33.3,0.4,1.3,35.7
448,Taurean Prince,MIN,28,1.1,1.7,65.6,0.3,0.6,42.9,0.3,0.3,75.0,0.2,0.3,54.5,1.0,2.2,45.5,0.4,1.2,31.0
449,Terance Mann,LAC,26,1.9,3.0,65.7,0.2,0.6,34.4,0.2,0.4,44.0,0.1,0.2,60.0,0.5,1.4,35.4,0.4,1.1,40.3
450,Terence Davis,SAC,25,0.9,1.4,61.0,0.1,0.2,62.5,0.0,0.1,0.0,0.1,0.2,42.9,0.6,1.5,38.1,0.7,2.2,33.7
451,Terrence Ross,ORL,32,0.3,0.5,60.9,0.2,0.5,47.6,0.4,1.0,40.0,0.6,1.2,52.0,0.6,1.4,42.4,0.9,2.5,36.2
452,Terry Rozier,CHA,28,3.1,5.5,56.0,1.0,2.4,40.5,0.7,1.7,40.7,0.5,1.2,37.9,1.2,3.6,32.2,1.7,4.8,35.7
453,Terry Taylor,IND,23,1.0,1.5,62.9,0.1,0.4,37.5,0.0,0.1,33.3,0.0,0.1,0.0,0.1,0.5,20.0,0.1,0.3,25.0
454,Thaddeus Young,TOR,34,1.4,1.9,72.4,0.6,1.2,53.8,0.0,0.1,33.3,0.0,0.1,50.0,0.1,0.5,19.0,0.0,0.2,12.5
455,Thanasis Antetokounmpo,MIL,30,0.2,0.6,36.4,0.0,0.1,0.0,0.0,0.1,0.0,0.0,0.0,0.0,0.0,0.2,0.0,0.0,0.1,0.0
456,Theo Maledon,CHA,21,0.6,1.1,56.1,0.2,0.8,29.6,0.3,0.6,47.6,0.1,0.1,50.0,0.2,0.3,58.3,0.4,1.4,30.6
457,Theo Pinson,DAL,27,0.1,0.3,42.9,0.0,0.2,25.0,0.0,0.1,50.0,0.0,0.0,0.0,0.2,0.4,40.0,0.3,0.9,40.0
458,Thomas Bryant,DEN,25,3.3,4.3,77.4,0.3,0.7,43.3,0.4,0.6,64.0,0.2,0.4,47.1,0.2,0.5,36.8,0.4,0.8,50.0
459,Tim Hardaway Jr.,DAL,30,0.9,1.8,50.0,0.2,0.8,32.5,0.4,0.9,42.9,0.3,0.8,33.3,1.1,3.1,35.2,1.7,4.7,35.7
460,Tobias Harris,PHI,30,3.0,4.4,67.0,0.8,1.8,46.1,0.5,1.1,41.8,0.2,0.5,48.0,0.9,2.5,37.9,0.9,2.3,37.4
461,Tony Bradley,CHI,25,0.2,0.3,66.7,0.0,0.0,0.0,0.0,0.1,0.0,0.0,0.2,0.0,0.1,0.3,33.3,0.1,0.1,100
462,Torrey Craig,PHX,32,1.5,2.3,64.0,0.2,0.6,31.3,0.1,0.3,33.3,0.0,0.2,11.1,0.7,1.8,40.8,0.6,1.5,37.6
463,Trae Young,ATL,24,2.4,4.7,52.4,1.4,3.1,44.7,1.4,2.6,52.7,0.8,1.7,45.2,0.6,1.9,31.9,1.5,4.6,33.0
464,Tre Jones,SAS,23,2.5,4.3,56.6,0.7,1.7,40.9,0.9,2.3,40.0,0.2,0.5,44.0,0.3,1.1,29.8,0.4,1.5,25.7
465,Tre Mann,OKC,22,0.9,1.6,58.2,0.3,0.9,34.9,0.3,0.7,45.7,0.3,0.6,51.7,0.5,1.2,38.7,0.8,2.9,28.5
466,Trendon Watford,POR,22,1.2,1.8,63.0,0.4,0.7,65.4,0.1,0.3,41.7,0.0,0.0,0.0,0.1,0.2,22.2,0.3,0.6,54.5
467,Trent Forrest,ATL,24,0.4,0.9,41.2,0.8,1.6,52.0,0.3,0.4,66.7,0.0,0.0,0.0,0.0,0.1,0.0,0.0,0.1,0.0
468,Trevelin Queen,IND,25,0.7,1.4,50.0,0.0,0.3,0.0,0.0,0.1,0.0,0.0,0.2,0.0,0.1,0.6,25.0,0.1,1.6,9.1
469,Trevor Hudgins,HOU,23,0.0,0.0,0.0,0.0,0.0,0.0,0.0,0.0,0.0,0.0,0.0,0.0,0.0,0.0,0.0,0.5,0.5,100
470,Trevor Keels,NYK,19,0.0,0.0,0.0,-,-,-,-,-,-,-,-,-,0.0,0.0,0.0,0.0,1.0,0.0
471,Trey Lyles,SAC,27,1.2,1.8,66.3,0.1,0.3,41.2,0.0,0.0,0.0,0.0,0.0,0.0,0.6,1.4,42.9,0.5,1.6,31.2
472,Trey Murphy III,NOP,22,2.0,2.7,73.1,0.2,0.6,41.9,0.0,0.2,22.2,0.0,0.1,0.0,0.8,1.9,43.7,1.3,3.4,38.9
473,Troy Brown Jr.,LAL,23,1.1,1.7,62.1,0.1,0.3,28.6,0.1,0.2,36.4,0.1,0.3,28.6,0.7,2.0,36.7,0.6,1.6,38.0
474,Ty Jerome,GSW,25,0.6,1.0,58.8,0.5,0.9,53.3,0.6,1.0,59.4,0.1,0.2,42.9,0.3,0.8,40.7,0.5,1.3,39.5
475,TyTy Washington Jr.,HOU,21,0.1,0.2,50.0,0.5,1.0,50.0,0.6,0.8,70.6,0.2,0.5,33.3,0.2,0.9,27.8,0.1,1.3,11.1
476,Tyler Dorsey,DAL,26,0.0,0.0,0.0,0.0,0.0,0.0,0.0,0.0,0.0,1.0,1.0,100,1.0,1.5,66.7,0.0,0.0,0.0
477,Tyler Herro,MIA,23,1.7,2.7,62.5,1.1,2.3,47.5,1.0,2.1,46.8,0.5,1.5,36.9,0.8,2.0,42.0,2.3,6.3,36.0
478,Tyrese Haliburton,IND,22,2.6,4.1,63.2,0.7,1.3,50.8,0.6,1.3,43.9,0.4,0.7,48.5,0.6,1.2,48.2,2.2,5.6,40.4
479,Tyrese Martin,ATL,23,0.3,0.5,50.0,0.1,0.1,100,0.0,0.2,0.0,0.1,0.4,33.3,0.0,0.2,0.0,0.1,0.3,33.3
480,Tyrese Maxey,PHI,22,2.8,5.0,55.7,0.8,2.1,38.4,0.6,1.4,43.8,0.5,1.3,43.2,0.8,1.7,44.3,1.6,4.2,38.4
481,Tyus Jones,MEM,26,0.7,1.2,57.8,0.5,1.1,42.9,1.0,2.1,46.6,0.1,0.4,36.8,0.8,1.6,48.8,0.7,2.4,31.3
482,Udoka Azubuike,UTA,23,1.0,1.1,90.5,0.0,0.1,0.0,0.0,0.0,0.0,0.0,0.0,0.0,0.0,0.0,0.0,0.0,0.0,0.0
483,Udonis Haslem,MIA,42,0.0,0.7,0.0,0.0,0.0,0.0,0.2,0.5,33.3,0.0,0.6,0.0,0.0,0.2,0.0,0.0,0.2,0.0
484,Usman Garuba,HOU,20,1.0,1.5,64.4,0.0,0.3,7.7,0.0,0.0,0.0,0.0,0.0,0.0,0.2,0.3,57.1,0.1,0.3,35.3
485,Vernon Carey Jr.,WAS,21,0.1,0.3,50.0,0.0,0.2,0.0,0.0,0.2,0.0,0.0,0.3,0.0,0.0,0.3,0.0,0.0,0.0,0.0
486,Victor Oladipo,MIA,30,1.5,2.6,55.9,0.5,0.8,60.0,0.4,1.1,39.3,0.2,0.6,37.5,0.6,1.7,33.3,0.8,3.2,26.8
487,Vince Williams Jr.,MEM,22,0.2,0.4,50.0,0.0,0.0,0.0,0.0,0.0,0.0,0.0,0.0,0.0,0.0,0.8,0.0,0.1,0.4,33.3
488,Vit Krejci,ATL,22,0.2,0.4,50.0,0.0,0.0,0.0,0.0,0.0,0.0,0.1,0.1,100,0.2,0.5,50.0,0.1,0.6,10.0
489,Vlatko Cancar,DEN,25,0.8,1.2,62.7,0.2,0.5,40.0,0.1,0.2,28.6,0.0,0.0,0.0,0.5,0.9,55.6,0.4,1.1,38.1
490,Walker Kessler,UTA,21,3.5,4.7,74.2,0.1,0.3,33.3,0.0,0.0,100,0.0,0.0,50.0,0.0,0.0,0.0,0.0,0.0,0.0
491,Wendell Carter Jr.,ORL,23,3.1,4.4,70.4,0.4,0.9,51.6,0.4,0.9,41.9,0.4,1.0,45.7,0.5,1.1,44.7,0.7,2.5,29.2
492,Wendell Moore Jr.,MIN,21,0.5,0.7,68.8,0.1,0.1,66.7,0.0,0.0,0.0,0.0,0.1,0.0,0.1,0.5,20.0,0.0,0.3,0.0
493,Wenyen Gabriel,LAL,25,2.2,3.2,69.3,0.3,0.4,64.7,0.0,0.1,0.0,0.0,0.0,100,0.1,0.4,27.8,0.1,0.2,37.5
494,Wesley Matthews,MIL,36,0.2,0.4,40.0,0.0,0.1,0.0,0.1,0.1,40.0,0.0,0.0,0.0,0.4,1.1,32.5,0.5,1.4,34.0
495,Will Barton,WAS,32,0.7,1.4,49.1,0.3,1.0,28.9,0.2,0.6,30.4,0.2,0.5,50.0,0.5,1.2,42.2,0.9,2.5,35.6
496,Willy Hernangomez,NOP,28,2.3,3.6,64.9,0.2,0.9,21.7,0.1,0.2,50.0,0.0,0.0,0.0,0.0,0.2,0.0,0.0,0.2,20.0
497,Xavier Tillman,MEM,24,1.5,2.2,67.9,0.5,0.8,61.5,0.2,0.4,46.2,0.0,0.0,0.0,0.1,0.3,22.2,0.0,0.0,100
498,Yuta Watanabe,BKN,28,1.0,1.4,69.6,0.1,0.3,21.4,0.0,0.0,0.0,0.1,0.2,40.0,0.9,1.6,56.1,0.4,1.0,37.5
499,Zach Collins,SAS,25,2.2,3.2,68.5,0.7,1.3,51.7,0.2,0.6,44.0,0.2,0.4,52.6,0.1,0.4,21.1,0.5,1.2,39.6
500,Zach LaVine,CHI,27,3.6,5.5,65.0,0.4,1.1,39.3,0.4,0.8,45.0,0.7,1.8,39.1,1.3,3.3,40.4,1.9,5.2,37.1
501,Zeke Nnaji,DEN,22,1.7,2.4,70.2,0.0,0.0,0.0,0.0,0.0,0.0,0.0,0.0,100,0.1,0.5,19.0,0.2,0.6,36.0
502,Ziaire Williams,MEM,21,1.1,1.6,70.5,0.2,0.4,54.5,0.2,0.5,42.9,0.1,0.3,42.9,0.5,1.7,27.1,0.3,1.2,20.6
503,Zion Williamson,NOP,22,8.7,12.9,67.4,0.7,2.1,33.3,0.2,0.4,45.5,0.0,0.1,25.0,0.1,0.1,75.0,0.1,0.5,26.7
